AZ_order,Filename,Transitional_name,Tip_Label,Final_name,Superorder,Order,Order_colour,Family,Scan Source,Collection,Specimen_ID,Extant_Extinct,Geologic_Age,Broad_Habitat,Habitat,Sub_Habitat,Broad_Locomotion,Locomotion,Broad_Diet,Diet,Fine_Diet,Extant_Diet,Social,Activity,Development,Mastication
1,Acinonyx_jubatus,Acinonyx_jubatus,Acinonyx_jubatus,Acinonyx_jubatus,Laurasiatheria,Carnivora,#33CCFF,Felidae,ERC,AMNH,VP. 109. CA2502,Extant,Recent,Open,Savanna,,Terrestrial,Terrestrial,Carnivore,Carnivore,Carnivore,Carnivore,Solitary,Diurnal,Altricial,
2,Acratocnus_odontrigonus,Acratocnus_odontrigonus,Acratocnus_odontrigonus,Acratocnus_odontrigonus,Xenarthra,Pilosa,#999999,Megalonychidae,ERC,AMNH,17721,Extinct,,,,,Terrestrial,Terrestrial,Herbivore,Herbivore,Herbivore,,,,,
3,Adapis_magnus,Adapis_magnus,Adapis_magnus,Adapis_magnus,Euarchontaglires,Primates,#006D2C,Adapidae,ERC,MNHN,QU10875,Extinct,,,,,Arboreal,Arboreal,Herbivore,Herbivore,Herbivore,,,,,
4,Adinotherium_ovinum,Adinotherium_ovinum,Adinotherium_ovinum,Adinotherium_ovinum,Laurasiatheria,Notoungulata,#FFCCFF,Toxodontidae,ERC,MLP,MLP12-2,Extinct,,,,,Terrestrial,Terrestrial,Herbivore,Herbivore,Herbivore,,,,,
5,Aelurocyon_sp,Aelurocyon_sp,Aelurocyon_sp,Aelurocyon_sp,Laurasiatheria,Carnivora,#33CCFF,Mustelidae,ERC,AMNH,25430,Extinct,,,,,Terrestrial,Terrestrial,Carnivore,Carnivore,Carnivore,,,,,
6,Aepyceros_melampus,Aepyceros_melampus,Aepyceros_melampus,Aepyceros_melampus,Laurasiatheria,Artiodactyla,#6699FF,Bovidae,ERC,NHM,66.448.,Extant,Recent,Open,Savanna,Grassland,Terrestrial,Terrestrial,Herbivore,Herbivore,Herbivore,"Mixed feeder, mainly grazer",Social,Diurnal,Precocial,
7,Aetiocetus_cotylalveus,Aetiocetus_cotylalveus,Aetiocetus_cotylalveus,Aetiocetus_cotylalveus,Laurasiatheria,Cetacea,#0000CC,Aetiocetidae,ERC,USNM,25210,Extinct,Oligocene,Aquatic,Marine,,Aquatic,Aquatic,Carnivore,Carnivore,Carnivore,,,,,
8,Agriochoerus_sp,Agriochoerus_sp,Agriochoerus_sp,Agriochoerus_sp,Laurasiatheria,Artiodactyla,#6699FF,Agriochoeridae,ERC,AMNH,95330,Extinct,Oligocene,,,,Semi-arboreal,Semi-arboreal,Herbivore,Herbivore,Herbivore,Browser,,,,
9,Ailuropoda_melanoleuca,Ailuropoda_melanoleuca,Ailuropoda_melanoleuca,Ailuropoda_melanoleuca,Laurasiatheria,Carnivora,#33CCFF,Ursidae,A-C Fabre scans,MNHN-ZO-AC,1874-273,Extant,Recent,Closed,Forest,,Terrestrial,Terrestrial,Herbivore,Herbivore,Herbivore,Browser,Solitary,Nocturnal,Altricial,
10,Ailurus_fulgens,Ailurus_fulgens,Ailurus_fulgens,Ailurus_fulgens,Laurasiatheria,Carnivora,#33CCFF,Ailuridae,A-C Fabre scans,MNHN-ZO-AC,1960_85,Extant,Recent,Closed,Forest,,Arboreal,Arboreal,Herbivore,Herbivore,Herbivore,Browser,Solitary,Nocturnal,Altricial,
11,Aletomeryx_scotti,Aletomeryx_scotti,Aletomeryx_scotti,Aletomeryx_scotti,Laurasiatheria,Artiodactyla,#6699FF,Palaeomerycidae,ERC,AMNH,99947,Extinct,Miocene,,,,Terrestrial,Terrestrial,Herbivore,Herbivore,Herbivore,,,,,
12,Allodesmus_gracilis,Allodesmus_gracilis,Allodesmus_gracilis,Allodesmus kernensis,Laurasiatheria,Carnivora,#33CCFF,Desmatophocidae,ERC,LACM,138167,Extinct,Miocene,Aquatic,Marine,,Aquatic,Aquatic,Carnivore,Carnivore,Carnivore,,,,,
13,Alouatta_palliata,Alouatta_palliata,Alouatta_palliata,Alouatta_palliata,Euarchontaglires,Primates,#006D2C,Atelidae,ERC,NHM,3.3.1.6.,Extant,Recent,Closed,Forest,,Arboreal,Arboreal,Herbivore,Herbivore,Herbivore,Browser,Social,Diurnal,Altricial,
14,Amblysomus_sp,Amblysomus_gunningi,Amblysomus_hottentotus,Amblysomus_sp,Afrotheria,Afrosoricida,#FEE8C8,Chrysochloridae,ERC,LDUCZ,check,Extant,Recent,Mixed_terrestrial,Grasslands/Forest/Woodland,,Fossorial,Fossorial,Invertivore,Invertivore,Invertivore,Vermivore,Solitary,Nocturnal,Altricial,
15,Anchitherium_agatensis,Anchitherium_agalensis,Anchitherium_agalensis,Anchitherium_agatensis,Laurasiatheria,Perissodactyla,#669999,Equidae,ERC,FMNH,P12147,Extinct,,,,,Terrestrial,Terrestrial,Herbivore,Herbivore,Herbivore,,,,,
16,Anomalurus_jacksoni,Anomalurus_beecrofti,Anomalurus_beecrofti,Anomalurus_beecrofti,Euarchontaglires,Rodentia,#A1D99B,Anomaluridae,P-H Fabre CT-scans,NHM,30.11.11.261.,Extant,Recent,Closed,Forest,,Arboreal,Arboreal,Herbivore,Herbivore,Herbivore,Browser/Frugivore,Solitary,Nocturnal,Precocial,
17,Anoplotherium_commune,Anoplotherium_commune,Anoplotherium_commune,Anoplotherium_commune,Laurasiatheria,Artiodactyla,#6699FF,Anoplotheriidae,ERC,MNHN,QU399,Extinct,Eocene,,,,Terrestrial,Terrestrial,Herbivore,Herbivore,Herbivore,Browser,,,,
18,Antilocapra_americana,Antilocapra_americana,Antilocapra_americana,Antilocapra_americana,Laurasiatheria,Artiodactyla,#6699FF,Antilocapridae,ERC,NHM,1867.10.5.1 635d,Extant,Recent,Open,Grassland to Desert,,Terrestrial,Terrestrial,Herbivore,Herbivore,Herbivore,Mixed feeder,Social,Diurnal,Precocial,
19,Aotus_trivirgatus,Aotus_trivirgatus,Aotus_trivirgatus,Aotus_trivirgatus,Euarchontaglires,Primates,#006D2C,Aotidae,A-C Fabre scans,MNHN-ZO-AC,1976-544,Extant,Recent,Closed,Forest,,Arboreal,Arboreal,Omnivore,Omnivore,Omnivore,,Social,Nocturnal,Altricial,
20,Apternodus_brevirostris,Apternodus_brevirostris,Apternodus_brevirostris,Apternodus_brevirostris,Stem,Zalambdalestidae,#993300,Apternodontidae,ERC,AMNH,22466,Extinct,,,,,Terrestrial,Terrestrial,Invertivore,Invertivore,Invertivore,Insectivore,,,,
21,Archaeolemur_edwardsi,Archaeolemur_edwardsi,Archaeolemur_edwardsi,Archaeolemur_edwardsi,Euarchontaglires,Primates,#006D2C,Archaeolemuridae,ERC,MNHN,MAD8902,Extinct,,,,,Terrestrial,Terrestrial,Herbivore,Herbivore,Herbivore,,,,,
22,Arctictis_binturong,Arctictis_binturong,Arctictis_binturong,Arctictis_binturong,Laurasiatheria,Carnivora,#33CCFF,Viverridae,A-C Fabre scans,MNHN-ZO-AC,1936-1529,Extant,Recent,Closed,Forest,,Arboreal,Arboreal,Omnivore,Omnivore,Omnivore,Frugivore,Solitary,Nocturnal,Altricial,
23,Arctodus_simum,Arctodus_simum,Arctodus_simum,Arctodus_simum,Laurasiatheria,Carnivora,#33CCFF,Ursidae,ERC,AMNH,8222,Extinct,,,,,Terrestrial,Terrestrial,Carnivore,Carnivore,Carnivore,,,,,
24,Arsinoitherium_zitelli,Arsinoitherium_zitteli,Arsinoitherium_zitteli,Arsinoitherium_zitelli,Afrotheria,Embrithopoda,#D7301F,Arsinoitheriidae,ERC,NHM,M8463,Extinct,,,,,Terrestrial,Terrestrial,Herbivore,Herbivore,Herbivore,,,,,
25,Aselliscus_tricuspidatus,Aselliscus_tricuspidatus,Aselliscus_tricuspidatus,Aselliscus_tricuspidatus,Laurasiatheria,Chiroptera,#FF00FF,Hipposideridae,Curtis & Simmons scans,AMNH,151546,Extant,Recent,Closed,Forest,,Volant,Volant,Invertivore,Invertivore,Invertivore,,Social,Nocturnal,Altricial,
26,Astrapotherium_magnum,Astrapotherium_magnum,Astrapotherium_magnum,Astrapotherium_magnum,Laurasiatheria,Astrapotheria,#FFCCFF,Astrapotheriidae,ERC,FMNH,P14251,Extinct,,,,,Terrestrial,Terrestrial,Herbivore,Herbivore,Herbivore,,,,,
27,Ateles_belzebuth,Ateles_belzebuth,Ateles_belzebuth,Ateles_belzebuth,Euarchontaglires,Primates,#006D2C,Atelidae,ERC,NHM,1854.12.11.1.,Extant,Recent,Closed,Forest,,Arboreal,Arboreal,Herbivore,Herbivore,Herbivore,Frugivore,Social,Diurnal,Altricial,
28,Atherudus_africanus,Atherurus_africanus,Atherurus_africanus,Atherurus_africanus,Euarchontaglires,Rodentia,#A1D99B,Hystricidae,P-H Fabre CT-scans,NHM,48.1291,Extant,Recent,Closed,Forest,,Terrestrial,Terrestrial,Herbivore,Herbivore,Herbivore,Browser/Frugivore,Social,Nocturnal,Precocial,
29,Balaenoptera_musculus,Balaenoptera_musculus,Balaenoptera_musculus,Balaenoptera_musculus,Laurasiatheria,Cetacea,#0000CC,Balaenopteridae,Coombs scan,NHMUK,1892.3.1.1,Extant,Recent,Aquatic,Marine,,Aquatic,Aquatic,Invertivore,Invertivore,Bulk invertivore,Krill,Solitary,All,Precocial,
30,Barbourofelis_morrisi,Barbourofelis_morrisi,Barbourofelis_morrisi,Barbourofelis_morrisi,Laurasiatheria,Carnivora,#33CCFF,Barbourofelidae,ERC,AMNH,79999,Extinct,,,,,Terrestrial,Terrestrial,Carnivore,Carnivore,Carnivore,,,,,
31,Bauerus_dubiaquercus,Antrozous_dubiaquercus,Bauerus_dubiaquercus,Bauerus_dubiaquercus,Laurasiatheria,Chiroptera,#FF00FF,Vespertilionidae,Curtis & Simmons scans,AMNH,278725,Extant,Recent,Closed,Forest,,Volant,Volant,Invertivore,Invertivore,Invertivore,,unknown,Nocturnal,Altricial,
32,Bos_domestic,Bos_taurus,Bos_taurus,Bos_taurus,Laurasiatheria,Artiodactyla,#6699FF,Bovidae,ERC,NHM,1981.984.,Extant,Recent,Open,Grassland,,Terrestrial,Terrestrial,Herbivore,Herbivore,Herbivore,Grazer ,Social,Diurnal,Precocial,
33,Brachyphylla_cavernarum,Brachyphylla_cavernarum,Brachyphylla_cavernarum,Brachyphylla_cavernarum,Laurasiatheria,Chiroptera,#FF00FF,Phyllostomidae,ERC,NHM,18.4.1.11,Extant,Recent,Open,Shrubland,Desert,Volant,Volant,Omnivore,Omnivore,Omnivore,Frugivore,Social,Nocturnal,Altricial,
34,Bradypus_tridactylus,Bradypus_tridactylus,Bradypus_tridactylus,Bradypus_tridactylus,Xenarthra,Pilosa,#999999,Bradypodidae,ERC,LDUCZ,z.132,Extant,Recent,Closed,Forest,,Arboreal,Arboreal,Herbivore,Herbivore,Herbivore,Folivore,Solitary,Diurnal,Precocial,
35,Brontops_brachycephalus,Brontops_brachycephalus,Brontops_brachycephalus,Brontops_brachycephalus,Laurasiatheria,Perissodactyla,#669999,Brontotheriidae,ERC,ROM,1703,Extinct,,,,,Terrestrial,Terrestrial,Herbivore,Herbivore,Herbivore,,,,,
36,Cacajao_calvus,Cacajao_calvus,Cacajao_calvus,Cacajao_calvus,Euarchontaglires,Primates,#006D2C,Pitheciidae,ERC,NHM,28.4.27.6.,Extant,Recent,Closed,Forest,,Arboreal,Arboreal,Herbivore,Herbivore,Herbivore,Frugivore,Social,Diurnal,Altricial,
37,Caenopus_copei,Caenopus_copei,Caenopus_copei,Caenopus_copei,Laurasiatheria,Perissodactyla,#669999,Rhinocerotidae,ERC,YPM,10253,Extinct,,,,,Terrestrial,Terrestrial,Herbivore,Herbivore,Herbivore,,,,,
38,Cainotherium_laticurvatum,Cainotherium_laticurvatum,Cainotherium_laticurvatum,Cainotherium_laticurvatum,Laurasiatheria,Artiodactyla,#6699FF,Cainotheriidae,ERC,MNHN,SG13456,Extinct,Miocene,,,,Terrestrial,Terrestrial,Herbivore,Herbivore,Herbivore,,,,,
39,Callicebus_moloch,Callicebus_moloch,Callicebus_moloch,Plecturocebus_moloch,Euarchontaglires,Primates,#006D2C,Pitheciidae,ERC,NHM,8.5.9.9.,Extant,Recent,Closed,Forest,,Arboreal,Arboreal,Herbivore,Herbivore,Herbivore,Frugivore,Social,Diurnal,Altricial,
40,Callorhinus_ursinus,Callorhinus_ursinus,Callorhinus_ursinus,Callorhinus_ursinus,Laurasiatheria,Carnivora,#33CCFF,Otariidae,DIGIMORPH,MVZ,175109,Extant,Recent,Aquatic,Marine,,Aquatic,Aquatic,Carnivore,Carnivore,Piscivore,Piscivore,Solitary,Diurnal,Altricial,
41,Callosciurus_caniceps,Callosciurus_caniceps,Callosciurus_caniceps,Callosciurus_caniceps,Euarchontaglires,Rodentia,#A1D99B,Sciuridae,P-H Fabre CT-scans,NHM,20.12.4.18.,Extant,Recent,Closed,Forest,,Arboreal,Arboreal,Herbivore,Herbivore,Herbivore,Frugivore,Social,Diurnal,Altricial,
42,Camelus_dromedarius,Camelus_dromedarius,Camelus_dromedarius,Camelus_dromedarius,Laurasiatheria,Artiodactyla,#6699FF,Camelidae,DIGIMORPH,NMV,R5444,Extant,Recent,Open,Desert to Savanna,,Terrestrial,Terrestrial,Herbivore,Herbivore,Herbivore,Browser,Social,Diurnal,Precocial,
43,Canis_lupus,Canis_lupus,Canis_lupus,Canis_lupus,Laurasiatheria,Carnivora,#33CCFF,Canidae,A-C Fabre scans,MNHN-ZO-AC,2015-1255,Extant,Recent,Closed,Forest,,Terrestrial,Terrestrial,Carnivore,Carnivore,Carnivore,Carnivore,Social,Diurnal,Altricial,
44,Caperea_marginata,Caperea_marginata,Caperea_marginata,Caperea_marginata,Laurasiatheria,Cetacea,#0000CC,Cetotheriidae,Coombs scan,NHMUK,1876.2.16.1,Extant,Recent,Aquatic,Marine,,Aquatic,Aquatic,Invertivore,Invertivore,Bulk invertivore,Krill,Social,All,Precocial,
45,Capra_ibex,Capra_ibex,Capra_ibex,Capra_ibex,Laurasiatheria,Artiodactyla,#6699FF,Bovidae,ERC,NHM,35.12.12.3.,Extant,Recent,Closed,Montane forest,,Terrestrial,Terrestrial,Herbivore,Herbivore,Herbivore,Grazer/Mixed,Social,Diurnal,Precocial,
46,Capricornis_sumatraensis,Naemorhedus_sumatraensis,Capricornis_sumatraensis,Naemorhedus_sumatraensis,Laurasiatheria,Artiodactyla,#6699FF,Bovidae,ERC,NHM,24.5.29.1.,Extant,Recent,Closed,Montane forest,,Terrestrial,Terrestrial,Herbivore,Herbivore,Herbivore,Browser,Solitary,Diurnal,Precocial,
47,Cardioderma_cor,Cardioderma_cor,Cardioderma_cor,Cardioderma_cor,Laurasiatheria,Chiroptera,#FF00FF,Megadermatidae,Curtis & Simmons scans,AMNH,219723,Extant,Recent,Closed,Forest,Savanna,Volant,Volant,Invertivore,Invertivore,Invertivore,Carnivore,Social,Nocturnal,Altricial,
48,Carterodon_sulcidens,Carterodon_sulcidens,Carterodon_sulcidens,Carterodon_sulcidens,Euarchontaglires,Rodentia,#A1D99B,Echimyidae,ERC,NHM,M17617,Extant,Recent,Open,Savanna,,Semi-fossorial,Semi-fossorial,Herbivore,Herbivore,Herbivore,Frugivore,Solitary,Nocturnal,Altricial,
49,Castor_canadensis,Castor_canadensis,Castor_canadensis,Castor_canadensis,Euarchontaglires,Rodentia,#A1D99B,Castoridae,ERC,UMN,12157,Extant,Recent,Closed,Forest,,Aquatic,Aquatic,Herbivore,Herbivore,Herbivore,"Lignivore, Folivore",Social,Nocturnal,Precocial,
50,Castoroides_ohioensis,Castoroides_ohioensis,Castoroides_ohioensis,Castoroides_ohioensis,Euarchontaglires,Rodentia,#A1D99B,Castoridae,ERC,NHM,M7226,Extinct,,,,,Semi-aquatic,Semi-aquatic  ,Herbivore,Herbivore,Herbivore,,,,,
51,Cavia_aperea,Cavia_aparea,Cavia_aperea,Cavia_aperea,Euarchontaglires,Rodentia,#A1D99B,Caviidae,P-H Fabre CT-scans,NHM,1.11.3.78,Extant,Recent,Open,Savanna,,Terrestrial,Terrestrial,Herbivore,Herbivore,Herbivore,Grazer,Social,Diurnal,Precocial,
52,Cebupithecus_sarmientoi,Cebupithecia_sarmientai,Cebupithecia_sarmientai,Cebupithecus_sarmientoi,Euarchontaglires,Primates,#006D2C,Cebidae,ERC,AMNH,45974.008,Extinct,,,,,Arboreal,Arboreal,Omnivore,Omnivore,Omnivore,,,,,
53,Cebus_apella,Sapajus_apella,Sapajus_apella,Sapajus_apella,Euarchontaglires,Primates,#006D2C,Cebidae,ERC,NHM,25.2.1.1.,Extant,Recent,Closed,Forest,,Arboreal,Arboreal,Omnivore,Omnivore,Omnivore,Frugivore,Social,Diurnal,Altricial,
54,Centurio_senex,Centurio_senex,Centurio_senex,Centurio_senex,Laurasiatheria,Chiroptera,#FF00FF,Phyllostomidae,Curtis & Simmons scans,AMNH,249109,Extant,Recent,Closed,Forest,,Volant,Volant,Herbivore,Herbivore,Herbivore,Frugivore,Social,Nocturnal,Altricial,
55,Cephalophus_nigrifrons,Cephalophus_nigrifrons,Cephalophus_nigrifrons,Cephalophus_nigrifrons,Laurasiatheria,Artiodactyla,#6699FF,Bovidae,ERC,NHM,34.14.1.205,Extant,Recent,Closed,Forest,,Terrestrial,Terrestrial,Herbivore,Herbivore,Herbivore,Frugivore and Folivore,Solitary,All,Precocial,
56,Cephalorhynchus_commersoni,Cephalorhynchus_commersonii,Cephalorhynchus_commersonii,Cephalorhynchus_commersonii,Laurasiatheria,Cetacea,#0000CC,Delphinidae,Churchill et al scans,USNM,550156,Extant,Recent,Aquatic,Marine,,Aquatic,Aquatic,Carnivore,Carnivore,Piscivore,Piscivore,Social,All,Precocial,
57,Ceratogaulus_hatcheri,Ceratogaulus_hatcheri,Ceratogaulus_hatcheri,Ceratogaulus_hatcheri,Euarchontaglires,Rodentia,#A1D99B,Mylagaulidae,ERC,FMNH,P14914,Extinct,,,,,Terrestrial,Terrestrial,Herbivore,Herbivore,Herbivore,,,,,
58,Cervus_elaphus,Cervus_elaphus,Cervus_elaphus,Cervus_elaphus,Laurasiatheria,Artiodactyla,#6699FF,Cervidae,ERC,NHM,2005.16.,Extant,Recent,Closed,Forest,,Terrestrial,Terrestrial,Herbivore,Herbivore,Herbivore,Mixed feeder,Social,Diurnal,Precocial,
59,Cheirogaleus_medius,Cheirogaleus_medius,Cheirogaleus_medius,Cheirogaleus_medius,Euarchontaglires,Primates,#006D2C,Cheirogaleidae,A-C Fabre scans,MNHN-ZO-AC,1986-430,Extant,Recent,Closed,Forest,,Arboreal,Arboreal,Herbivore,Herbivore,Herbivore,Frugivore,Solitary,Nocturnal,Altricial,
60,Chironax_melanocephalus,Chironax_melanocephalus,Chironax_melanocephalus,Chironax_melanocephalus,Laurasiatheria,Chiroptera,#FF00FF,Pteropodidae,Curtis & Simmons scans,AMNH,266200,Extant,Recent,Closed,Forest,,Volant,Volant,Herbivore,Herbivore,Herbivore,Frugivore,Social,Nocturnal,Altricial,
61,Choloepus_hoffmanni,Choloepus_hoffmanni,Choloepus_hoffmanni,Choloepus_hoffmanni,Xenarthra,Pilosa,#999999,Megalonychidae,DIGIMORPH,AMNH,30765,Extant,Recent,Closed,Forest,,Arboreal,Arboreal,Herbivore,Herbivore,Herbivore,Folivore,Solitary,Nocturnal,Precocial,
62,Chrotopterus_auritus,Chrotopterus_auritus,Chrotopterus_auritus,Chrotopterus_auritus,Laurasiatheria,Chiroptera,#FF00FF,Phyllostomidae,Curtis & Simmons scans,AMNH,278292,Extant,Recent,Closed,Forest,,Volant,Volant,Carnivore,Carnivore,Carnivore,Invertivore ,Social,Nocturnal,Altricial,
63,Chrysophylax_trevelyan,Chrysospalax_trevelyani,Chrysospalax_trevelyani,Chrysospalax trevelyani,Afrotheria,Afrosoricida,#FEE8C8,Chrysochloridae,ERC,LDUCZ,z660,Extant,Recent,Closed,Forest,coastal and montane forest,Fossorial,Fossorial,Invertivore,Invertivore,Invertivore,Vermivore,Solitary,Nocturnal,Altricial,
64,Cistugo_lesueuri,Myotis_lesueuri,Cistugo_lesueuri,Cistugo_lesueuri,Laurasiatheria,Chiroptera,#FF00FF,Cistugidae,Curtis & Simmons scans,AMNH,244302,Extant,Recent,Open,Rocky areas,Shrubland,Volant,Volant,Invertivore,Invertivore,Invertivore,,Social,Nocturnal,Altricial,
65,Coelodonta_antiquitatus,Coelodonta_antiquitatus,Coelodonta_antiquitatus,Coelodonta_antiquitatus,Laurasiatheria,Perissodactyla,#669999,Rhinocerotidae,ERC,FMNH,P14783,Extinct,,,,,Terrestrial,Terrestrial,Herbivore,Herbivore,Herbivore,,,,,
66,Colobus_guereza,Colobus_guereza_occidentalis,Colobus_guereza,Colobus_guereza,Euarchontaglires,Primates,#006D2C,Cercopithecidae,ERC,NHM,28.11.11.2.,Extant,Recent,Closed,Forest,,Arboreal,Arboreal,Herbivore,Herbivore,Herbivore,Browser,Social,Diurnal,Altricial,
67,Coronodon_havensteini,Coronodon_havensteini,Coronodon_havensteini,Coronodon_havensteini,Laurasiatheria,Cetacea,#0000CC,Aetiocetidae,Churchill et al scans,CCNHM,108,Extinct,Oligocene,Aquatic,Marine,,Aquatic,Aquatic,Carnivore,Carnivore,Carnivore,,,,,
68,Coryphodon_anthracoides,Coryphodon_hamatus,Coryphodon_hamatus,Coryphodon_anthracoides,Laurasiatheria,Amblypoda,#33FFFF,Coryphodontidae,ERC,YPM,PU11330,Extinct,,,,,Terrestrial,Terrestrial,Herbivore,Herbivore,Herbivore,,,,,
69,Cotylocara_macei,Cotylocara_macei,Cotylocara_macei,Cotylocara_macei,Laurasiatheria,Cetacea,#0000CC,Xenorophidae,Churchill et al scans,CCNHM,101,Extinct,Oligocene,Aquatic,Marine,,Aquatic,Aquatic,Carnivore,Carnivore,Carnivore,,,,,
70,Craseonycteris_thonglongyai,Craseonycteris_thonglongyai,Craseonycteris_thonglongyai,Craseonycteris_thonglongyai,Laurasiatheria,Chiroptera,#FF00FF,Craseonycteridae,Curtis & Simmons scans,USNM,528306,Extant,Recent,Closed,Forest,,Volant,Volant,Invertivore,Invertivore,Invertivore,,Social,Nocturnal,Altricial,
71,Cricetomys_gambianus,Cricetomys_gambianus,Cricetomys_gambianus,Cricetomys_gambianus,Euarchontaglires,Rodentia,#A1D99B,Nesomyidae,P-H Fabre CT-scans,NHM,34.4.1.158.,Extant,Recent,Mixed_terrestrial,Forest to grassland,,Terrestrial,Terrestrial,Herbivore,Herbivore,Herbivore,"Frugivore, granivore, occasional omnivore",Social,Nocturnal,Altricial,
72,Cricetus_cricetus,Cricetus_cricetus,Cricetus_cricetus,Cricetus_cricetus,Euarchontaglires,Rodentia,#A1D99B,Cricetidae,P-H Fabre CT-scans,NHM,19.7.7.2605.,Extant,Recent,Open,Savanna,,Fossorial,Fossorial,Herbivore,Herbivore,Herbivore,Generalist,Solitary,Crepuscular,Altricial,
73,Cryptomys_mechowi,Fukomys_mechowi,Fukomys_mechowi,Cryptomys_mechowi,Euarchontaglires,Rodentia,#A1D99B,Bathyergidae,P-H Fabre CT-scans,NHM,35.1.6.176.,Extant,Recent,Open,Savanna,,Fossorial,Fossorial,Herbivore,Herbivore,Herbivore,Roots,Social,All,Altricial,
74,Ctenomys_knighti,Ctenomys_knighti,Ctenomys_knighti,Ctenomys_knighti,Euarchontaglires,Rodentia,#A1D99B,Ctenomyidae,P-H Fabre CT-scans,NHM,25.3.1.62,Extant,Recent,Open,Desert to scrub forest,,Fossorial,Fossorial,Herbivore,Herbivore,Herbivore,Roots,Solitary,All,Altricial,
75,Cuniculus_paca,Agouti_paca,Cuniculus_paca,Cuniculus_paca,Euarchontaglires,Rodentia,#A1D99B,Cuniculidae,P-H Fabre CT-scans,NHM,4.12.4.13.,Extant,Recent,Closed,Forest,,Terrestrial,Terrestrial,Herbivore,Herbivore,Herbivore,Frugivore,Social,Nocturnal,Precocial,
76,Cyclopes_didactylus,Cyclopes_didactylus,Cyclopes_didactylus,Cyclopes_didactylus,Xenarthra,Pilosa,#999999,Cyclopedidae,ERC,NHM,3.12.6.10.,Extant,Recent,Closed,Forest,,Arboreal,Arboreal,Invertivore,Insectivore,Social insectivore,Social insectivore,Solitary,Nocturnal,Precocial,
77,Cynocephalus_volans,Cynocephalus_volans,Cynocephalus_volans,Cynocephalus_volans,Euarchontaglires,Dermoptera,#74C476,Cynocephalidae,ERC,LDUCZ,z.890,Extant,Recent,Closed,Forest,,Arboreal,Arboreal,Herbivore,Herbivore,Herbivore,Browser,Solitary,Crepuscular,Altricial,
78,Cynomys_ludovicianis,Cynomys_ludovicianus,Cynomys_ludovicianus,Cynomys_ludovicianus,Euarchontaglires,Rodentia,#A1D99B,Sciuridae,DIGIMORPH,UM,96071,Extant,Recent,Open,Grassland,,Terrestrial,Terrestrial,Herbivore,Herbivore,Herbivore,Folivore,Social,Diurnal,Altricial,
79,Dacrytherium_sp,Dacrytherium_sp,Dacrytherium_sp,Dacrytherium_sp,Laurasiatheria,Artiodactyla,#6699FF,Anoplotheriidae,ERC,MNHN,QU17146,Extinct,Eocene,,,,Terrestrial,Terrestrial,Herbivore,Herbivore,Herbivore,Browser,,,,
80,Daphaenus_vetus,Daphoenus_vetus,Daphoenus_vetus,Daphaenus_vetus,Laurasiatheria,Carnivora,#33CCFF,Amphicyonidae,ERC,YPM,PU12648,Extinct,,,,,Terrestrial,Terrestrial,Carnivore,Carnivore,Carnivore,,,,,
81,Dasyprocta_mexicana,Dasyprocta_mexicana,Dasyprocta_mexicana,Dasyprocta_mexicana,Euarchontaglires,Rodentia,#A1D99B,Dasyproctidae,Fox UMN CT-scan,UMN,14040,Extant,Recent,Closed,Forest,,Terrestrial,Terrestrial,Herbivore,Herbivore,Herbivore,Frugivore,Solitary,Diurnal,Precocial,
82,Dasypus_novemictus,Dasypus_novemcinctus,Dasypus_novemcinctus,Dasypus_novemcinctus,Xenarthra,Cingulata,#666666,Dasypodidae,ERC,LDUCZ,z.134,Extant,Recent,Mixed_terrestrial,Forest to grassland,Prefer forest,Semi-fossorial,Semi-fossorial,Invertivore,Invertivore,Invertivore,"Omnivorous, but mainly invert",Solitary,Nocturnal,Precocial,
83,Daubentonia_madagascariensis,Daubentonia_madagascariensis,Daubentonia_madagascariensis,Daubentonia_madagascariensis,Euarchontaglires,Primates,#006D2C,Daubentoniidae,ERC,NHM,ZD.1888.2.18.2. GERM.1359d,Extant,Recent,Closed,Forest,,Arboreal,Arboreal,Omnivore,Omnivore,Omnivore,Durophagous,Solitary,Nocturnal,Altricial,
84,Delphinapterus_leucas,Delphinapterus_leucas,Delphinapterus_leucas,Delphinapterus_leucas,Laurasiatheria,Cetacea,#0000CC,Monodontidae,Churchill et al scans,USNM,305071,Extant,Recent,Aquatic,Marine,,Aquatic,Aquatic,Carnivore,Carnivore,Piscivore,Piscivore,Social,All,Precocial,
85,Delphinus_delphis,Delphinus_delphis,Delphinus_delphis,Delphinus_delphis,Laurasiatheria,Cetacea,#0000CC,Delphinidae,Churchill et al scans,AMNH,35401,Extant,Recent,Aquatic,Marine,,Aquatic,Aquatic,Carnivore,Carnivore,Piscivore,Piscivore,Social,All,Precocial,
86,Deomys_ferrugineus,Deomys_ferrugineus,Deomys_ferrugineus,Deomys_ferrugineus,Euarchontaglires,Rodentia,#A1D99B,Muridae,P-H Fabre CT-scans,MNHN,1622,Extant,Recent,Closed,Forest,,Terrestrial,Terrestrial,Invertivore,Insectivore,Social insectivore,Social insectivore,Solitary,Crepuscular,,
87,Desmocyon_matthewii,Desmocyon_matthewsi,Desmocyon_matthewsi,Desmocyon_matthewii,Laurasiatheria,Carnivora,#33CCFF,Canidae,ERC,AMNH,49177,Extinct,,,,,Terrestrial,Terrestrial,Carnivore,Carnivore,Carnivore,Carnivore,,,,
88,Diaemus_youngi,Diaemus_youngi,Diaemus_youngi,Diaemus_youngi,Laurasiatheria,Chiroptera,#FF00FF,Phyllostomidae,Curtis & Simmons scans,AMNH,246230,Extant,Recent,Closed,Forest,Shrubland,Volant,Volant,Sanguinivore,Sanguinivore,Carnivore,,Social,Nocturnal,Altricial,
89,Diceros_bicornis,Diceros_bicornis,Diceros_bicornis,Diceros_bicornis,Laurasiatheria,Perissodactyla,#669999,Rhinocerotidae,ERC,NHM,33.5.5.1,Extant,Recent,Mixed_terrestrial,Grassland to forest,,Terrestrial,Terrestrial,Herbivore,Herbivore,Herbivore,Browser,Solitary,Diurnal,Precocial,
90,Dinictis_squalidens,Dinictis_squalidens,Dinictis_squalidens,Dinictis_squalidens,Laurasiatheria,Carnivora,#33CCFF,Nimravidae,ERC,YPM,PU13587,Extinct,,,,,Terrestrial,Terrestrial,Carnivore,Carnivore,Carnivore,,,,,
91,Diplacodon_progressum,Diplacodon_progressum,Diplacodon_progressum,Diplacodon_progressum,Laurasiatheria,Perissodactyla,#669999,Brontotheriidae,ERC,FMNH,P14633,Extinct,,,,,Terrestrial,Terrestrial,Herbivore,Herbivore,Herbivore,,,,,
92,Dipodomys_ordii,Dipodomys_ordii,Dipodomys_ordii,Dipodomys_ordii,Euarchontaglires,Rodentia,#A1D99B,Heteromyidae,Fox UMN CT-scan,UMN,8327,Extant,Recent,Open,Desert to Grassland,,Semi-fossorial,Semi-fossorial,Herbivore,Herbivore,Herbivore,Granivore,Solitary,Nocturnal,Altricial,
93,Dobsonia_moluccensis,Dobsonia_moluccensis,Dobsonia_moluccensis,Dobsonia_moluccensis,Laurasiatheria,Chiroptera,#FF00FF,Pteropodidae,Curtis & Simmons scans,AMNH,159572,Extant,Recent,Closed,Forest,,Volant,Volant,Herbivore,Herbivore,Herbivore,Frugivore,Social,Nocturnal,Altricial,
94,Dolichotis_patagonum,Dolochotis_patagonum,Dolichotis_patagonum,Dolichotis_patagonum,Euarchontaglires,Rodentia,#A1D99B,Caviidae,P-H Fabre CT-scans,NHM,2003.339,Extant,Recent,Desert,Desert,,Terrestrial,Terrestrial,Herbivore,Herbivore,Herbivore,Grazer,Social,Diurnal,Precocial,
95,Dorudon_atrox,Dorudon_atrox,Dorudon_atrox,Dorudon_atrox,Laurasiatheria,Cetacea,#0000CC,Basilosauridae,Coombs scan,UMMP PVM,100149,Extinct,Eocene,Aquatic,Marine,,Aquatic,Aquatic,Carnivore,Carnivore,Carnivore,,,,,
96,Duchesneodus_uintensis,Duchesneodus_uintensis,Duchesneodus_uintensis,Duchesneodus_uintensis,Laurasiatheria,Perissodactyla,#669999,Brontotheriidae,ERC,FMNH,PM136,Extinct,,,,,Terrestrial,Terrestrial,Herbivore,Herbivore,Herbivore,,,,,
97,Dugong_sp,Dugong_dugon,Dugong_dugon,Dugong dugon,Afrotheria,Sirenia,#B30000,Dugongidae,ERC,LDUCZ,LDUCZ-NON434,Extant,Recent,Aquatic,Marine,,Aquatic,Aquatic,Herbivore,Herbivore,Herbivore,Grazer,Social,Diurnal,Precocial,
98,Dusisiren_jordani,Dusisiren_jordani,Dusisiren_jordani,Dusisiren_jordani,Afrotheria,Sirenia,#B30000,Dugongidae,ERC,UCMP,3794,Extinct,Miocene,,Marine,,Aquatic,Aquatic,Herbivore,Herbivore,Herbivore,,,,,
99,Echinoprocta_rufescens,Coendou_rufescens,Coendou_rufescens,Coendou_rufescens,Euarchontaglires,Rodentia,#A1D99B,Erethizontidae,P-H Fabre CT-scans,NHM,27.5.3.8,Extant,Recent,Closed,Forest,,Arboreal,Arboreal,Herbivore,Herbivore,Herbivore,Frugivore and Folivore,Solitary,Nocturnal,Precocial,
100,Echinosorex_gymnura,Echinosorex_gymnura,Echinosorex_gymnura,Echinosorex_gymnura,Laurasiatheria,Eulipotyphla,#00FFFF,Erinaceidae,ERC,NHM,61.1157.,Extant,Recent,Closed,Forest,,Terrestrial,Terrestrial,Omnivore,Omnivore,Omnivore,Primarily invertivore,Solitary,Nocturnal,Altricial,
101,Elasmotherium_sp,Elasmotherium_sp,Elasmotherium_sp,Elasmotherium_sp,Laurasiatheria,Perissodactyla,#669999,Rhinocerotidae,ERC,NHM,M12429,Extinct,,,,,Terrestrial,Terrestrial,Herbivore,Herbivore,Herbivore,,,,,
102,Elephas_maximus,Elephas_maximus,Elephas_maximus,Elephas_maximus,Afrotheria,Proboscidea,#FC8D59,Elephantidae,DIGIMORPH,TMM,M-6445,Extant,Recent,Mixed_terrestrial,Forest to grassland,,Terrestrial,Terrestrial,Herbivore,Herbivore,Herbivore,Mixed feeder,Social,All,Precocial,
103,Eleutherocercus_tucumanus,Eleutherocercus_tucumanus,Eleutherocercus_tucumanus,Eleutherocercus_tucumanus,Xenarthra,Cingulata,#666666,Glyptodontidae,ERC,FMNH,P14437,Extinct,,,,,Terrestrial,Terrestrial,Omnivore,Omnivore,Omnivore,,,,,
104,Elotherium_sp,Elotherium_sp,Elotherium_sp,Entelodon_sp,Laurasiatheria,Artiodactyla,#6699FF,Entelodontidae,ERC,AMNH,571,Extinct,Oligocene,,,,Terrestrial,Terrestrial,Herbivore,Herbivore,Herbivore,Durophagous,,,,
105,Entoptychus_sp,Entoptychus_sp,Entoptychus_sp,Entoptychus_wheelerensis,Euarchontaglires,Rodentia,#A1D99B,Geomyidae,ERC,UCMP,151251,Extinct,Oligo-Miocene,,,,Fossorial,Fossorial,Herbivore,Herbivore,Herbivore,,,,,
106,Epimanteoceras_formosus,Epimanteoceras_formusus,Epimanteoceras_formusus,Epimanteoceras_formosus,Laurasiatheria,Perissodactyla,#669999,Brontotheriidae,ERC,AMNH,21613,Extinct,,,,,Terrestrial,Terrestrial,Herbivore,Herbivore,Herbivore,,,,,
107,Eporeodon_meagherensis,Eporeodon_meagherensis,Eporeodon_meagherensis,Eporeodon_meagherensis,Laurasiatheria,Artiodactyla,#6699FF,Merycoidodontidae,ERC,YPM,13948,Extinct,Oligocene,,,,Terrestrial,Terrestrial,Herbivore,Herbivore,Herbivore,Browser,,,,
108,Equus_caballus,Equus_caballus,Equus_caballus,Equus_caballus,Laurasiatheria,Perissodactyla,#669999,Equidae,ERC,LDUCZ,z.3062,Extant,Recent,Open,Grassland,,Terrestrial,Terrestrial,Herbivore,Herbivore,Herbivore,Grazer,Social,Crepuscular,Precocial,
109,Erethizon_dorsatum,Erethizon_dorsatum,Erethizon_dorsatum,Erethizon_dorsatum,Euarchontaglires,Rodentia,#A1D99B,Erethizontidae,P-H Fabre CT-scans,NHM,36.11.6.21,Extant,Recent,Closed,Forest,,Arboreal,Arboreal,Herbivore,Herbivore,Herbivore,Generalist,Social,Nocturnal,Precocial,
110,Erinaceus_europaens,Erinaceus_europaeus,Erinaceus_europaeus,Erinaceus_europaeus,Laurasiatheria,Eulipotyphla,#00FFFF,Erinaceidae,ERC,LDUCZ,z.3067,Extant,Recent,Open,Grasslands,,Semi-fossorial,Semi-fossorial,Invertivore,Insectivore,Invertivore,"Omnivorous, but mainly invert",Solitary,Nocturnal,Precocial,
111,Eschrichtius_robustus,Eschrichtius_robustus,Eschrichtius_robustus,Eschrichtius_robustus,Laurasiatheria,Cetacea,#0000CC,Eschrichtiidae,Coombs scan,USNM,13803,Extant,Recent,Aquatic,Marine,,Aquatic,Aquatic,Carnivore,Carnivore,Bulk invertivore,Krill,Social,All,Precocial,
112,Eubalaena_australis,Eubalaena_australis,Eubalaena_australis,Eubalaena_australis,Laurasiatheria,Cetacea,#0000CC,Balaenidae,Coombs scan,NHMUK,1873.3.3,Extant,Recent,Aquatic,Marine,,Aquatic,Aquatic,Carnivore,Carnivore,Bulk invertivore,Krill,Social,All,Precocial,
113,Euhapsis_ellicottae,Euhapsis_ellicottae,Euhapsis_ellicottae,Euhapsis_ellicottae,Euarchontaglires,Rodentia,#A1D99B,Castoridae,ERC,KU,48015,Extinct,Oligo-Miocene,,,,Fossorial,Fossorial,Herbivore,Herbivore,Herbivore,,,,,
114,Eulemur_macaco,Eulemur_macaco,Eulemur_macaco,Eulemur_macaco,Euarchontaglires,Primates,#006D2C,Lemuridae,A-C Fabre scans,MNHN-ZO-AC,,Extant,Recent,Closed,Forest,,Arboreal,Arboreal,Herbivore,Herbivore,Herbivore,Frugivore,Social,All,Altricial,
115,Eusmilus_dakotensis,Eusmilus_dakotensis,Eusmilus_dakotensis,Eusmilus_dakotensis,Laurasiatheria,Carnivora,#33CCFF,Nimravidae,ERC,USNM,18214,Extinct,,,,,Terrestrial,Terrestrial,Carnivore,Carnivore,Carnivore,,,,,
116,Fossa_fossana,Fossa_fossana,Fossa_fossana,Fossa_fossana,Laurasiatheria,Carnivora,#33CCFF,Eupleridae,ERC,NHM,1582.b. 72.8.19.5.,Extant,Recent,Closed,Forest,,Terrestrial,Terrestrial,Carnivore,Carnivore,Carnivore,Invertivore,Solitary,Nocturnal,Altricial,
117,Furipterus_horrens,Furipterus_horrens,Furipterus_horrens,Furipterus_horrens,Laurasiatheria,Chiroptera,#FF00FF,Furipteridae,Curtis & Simmons scans,AMNH,78541,Extant,Recent,Closed,Forest,,Volant,Volant,Invertivore,Invertivore,Invertivore,,Social,Nocturnal,Altricial,
118,Galidia_elegans,Galidia_elegans,Galidia_elegans,Galidia_elegans,Laurasiatheria,Carnivora,#33CCFF,Eupleridae,ERC,NHM,2005.2.,Extant,Recent,Closed,Forest,,Terrestrial,Terrestrial,Carnivore,Carnivore,Carnivore,Carnivore,Solitary,Diurnal,Altricial,
119,Giraffa_camelopardalis,Giraffa_camelopardalis,Giraffa_camelopardalis,Giraffa_camelopardalis,Laurasiatheria,Artiodactyla,#6699FF,Giraffidae,DIGIMORPH,TMM,M6815,Extant,Recent,Open,Savanna and open woodland,,Terrestrial,Terrestrial,Herbivore,Herbivore,Herbivore,Browser,Social,Diurnal,Precocial,
120,Glaucomys_sabrinus,Glaucomys_sabrinus,Glaucomys_sabrinus,Glaucomys_sabrinus,Euarchontaglires,Rodentia,#A1D99B,Sciuridae,Fox UMN CT-scan,UMN,5952,Extant,Recent,Closed,Forest,,Arboreal,Arboreal,Herbivore,Herbivore,Herbivore,Granivore,Social,Nocturnal,Altricial,
121,Glossotherium_robustum,Glossotherium_robustum,Glossotherium_robustum,Glossotherium_robustum,Xenarthra,Pilosa,#999999,Mylodontidae,ERC,AMNH,11270,Extinct,,,,,Terrestrial,Terrestrial,Herbivore,Herbivore,Herbivore,,,,,
122,Glyptodon_typus,Glyptodon_typus,Glyptodon_typus,Glyptodon_typus,Xenarthra,Cingulata,#666666,Glyptodontidae,ERC,MNHN,R85A,Extinct,,,,,Terrestrial,Terrestrial,Omnivore,Omnivore,Omnivore,,,,,
123,Gorilla_gorilla,Gorilla_gorilla,Gorilla_gorilla,Gorilla_gorilla,Euarchontaglires,Primates,#006D2C,Hominidae,Smithsonian 3D,USNM,176216,Extant,Recent,Closed,Forest,,Semi-arboreal,Semi-arboreal,Herbivore,Herbivore,Herbivore,Browser,Social,Diurnal,Altricial,
124,Graphiurus_hueti,Graphiurus_murinus,Graphiurus_murinus,Graphiurus_hueti,Euarchontaglires,Rodentia,#A1D99B,Gliridae,P-H Fabre CT-scans,,,Extant,Recent,Mixed_terrestrial,Forest to grassland,,Arboreal,Arboreal,Omnivore,Omnivore,Omnivore,,Social,Nocturnal,Altricial,
125,Hapalops_elongatus,Hapalops_elongatus,Hapalops_elongatus,Hapalops_elongatus,Xenarthra,Pilosa,#999999,Megatheriidae,ERC,YPM,PU15597,Extinct,,,,,Terrestrial,Terrestrial,Herbivore,Herbivore,Herbivore,,,,,
126,Harpagolestes_macrocephalus,Harpagolestes_macrocephalus,Harpagolestes_macrocephalus,Harpagolestes_macrocephalus,Laurasiatheria,Acreodi,#0099CC,Mesonychidae,ERC,YPM,11901,Extinct,,,,,Terrestrial,Terrestrial,Carnivore,Carnivore,Carnivore,,,,,
127,Helarctos_malayanus,Helarctos_malayanus,Helarctos_malayanus,Helarctos_malayanus,Laurasiatheria,Carnivora,#33CCFF,Ursidae,A-C Fabre scans,MNHN-ZO-AC,1914-360,Extant,Recent,Closed,Forest,,Terrestrial,Terrestrial,Omnivore,Omnivore,Omnivore,Carnivore,Solitary,Nocturnal,Altricial,
128,Hemigalus_derbyanus,Hemigalus_derbyanus,Hemigalus_derbyanus,Hemigalus_derbyanus,Laurasiatheria,Carnivora,#33CCFF,Viverridae,ERC,NHM,95.7.30.6.,Extant,Recent,Closed,Forest,,Arboreal,Arboreal,Carnivore,Carnivore,Carnivore,Invertivore,Solitary,Nocturnal,Altricial,
129,Herpestes_javanicus,Herpestes_javanicus,Herpestes_javanicus,Herpestes_edwardsii,Laurasiatheria,Carnivora,#33CCFF,Herpestidae,A-C Fabre scans,MNHN-ZO-AC,A3444,Extant,Recent,Open,Shrubland,,Terrestrial,Terrestrial,Carnivore,Carnivore,Carnivore,Invertivore,Solitary,Diurnal,Altricial,
130,Hesperogaulus_wilsoni,Hesperogaulus_wilsoni,Hesperogaulus_wilsoni,Hesperogaulus_wilsoni,Euarchontaglires,Rodentia,#A1D99B,Mylagaulidae,ERC,LACM,142506,Extinct,,,,,Terrestrial,Terrestrial,Herbivore,Herbivore,Herbivore,,,,,
131,Hexaprotodon_liberiensis,Choeropsis_liberiensis,Choeropsis_liberiensis,Hexaprotodon_liberiensis,Laurasiatheria,Artiodactyla,#6699FF,Hippopotamidae,ERC,NHM,1967.3.20.1.,Extant,Recent,Closed,Forest,,Semi-aquatic,Semi-aquatic,Herbivore,Herbivore,Herbivore,Browser,Solitary,Nocturnal,Precocial,
132,Hipposideros_armiger,Hipposideros_armiger,Hipposideros_armiger,Hipposideros_armiger,Laurasiatheria,Chiroptera,#FF00FF,Hipposideridae,Curtis & Simmons scans,AMNH,272274,Extant,Recent,Closed,Forest,,Volant,Volant,Invertivore,Invertivore,Invertivore,,Social,Nocturnal,Altricial,
133,Hippotragus_equinus,Hippotragus_equinus,Hippotragus_equinus,Hippotragus_equinus,Laurasiatheria,Artiodactyla,#6699FF,Bovidae,ERC,NHM,1962.12.4.2.,Extant,Recent,Open,Savanna and open woodland,,Terrestrial,Terrestrial,Herbivore,Herbivore,Herbivore,Mixed feeder (largely grazer),Social,Diurnal,Precocial,
134,Holmesina_occidentalis,Holmesina_occidentalis,Holmesina_occidentalis,Holmesina_occidentalis,Xenarthra,Cingulata,#666666,Pampatheriidae,ERC,ROM,3881,Extinct,,,,,Terrestrial,Terrestrial,Omnivore,Omnivore,Omnivore,,,,,
135,Homocamelus_caninus,Homocamelus_caninus,Homocamelus_caninus,Homocamelus_caninus,Laurasiatheria,Artiodactyla,#6699FF,Camelidae,ERC,AMNH,25060,Extinct,Miocene,,,,Terrestrial,Terrestrial,Herbivore,Herbivore,Herbivore,Browser,,,,
136,Homotherium_sp,Homotherium_sp,Homotherium_sp,Homotherium_sp,Laurasiatheria,Carnivora,#33CCFF,Felidae,ERC,AMNH,95297,Extinct,,,,,Terrestrial,Terrestrial,Carnivore,Carnivore,Carnivore,,,,,
137,Hoplophoenus_primaevus,Hoplophoneus_primaevus,Hoplophoneus_primaevus,Hoplophoenus_primaevus,Laurasiatheria,Carnivora,#33CCFF,Nimravidae,ERC,YPM,PU10515,Extinct,,,,,Terrestrial,Terrestrial,Carnivore,Carnivore,Carnivore,,,,,
138,Hyaena_hyaena,Hyaena_hyaena,Hyaena_hyaena,Hyaena_hyaena,Laurasiatheria,Carnivora,#33CCFF,Hyaenidae,A-C Fabre scans,MNHN-ZO-AC,1930-220,Extant,Recent,Open,Savanna,,Terrestrial,Terrestrial,Carnivore,Carnivore,Carnivore,Durophagous,Solitary,Diurnal,Altricial,
139,Hyaenodon_paucidens,Hyaenodon_paucidens,Hyaenodon_paucidens,Hyaenodon_paucidens,Laurasiatheria,Creodonta,#3399CC,Hyaenodontidae,ERC,AMNH,647,Extinct,,,,,Terrestrial,Terrestrial,Carnivore,Carnivore,Carnivore,,,,,
140,Hydropotes_inermis,Hydropotes_inermis,Hydropotes_inermis,Hydropotes_inermis,Laurasiatheria,Artiodactyla,#6699FF,Cervidae,ERC,NHM,1551c,Extant,Recent,Open,Grasslands and swamps,,Terrestrial,Terrestrial,Herbivore,Herbivore,Herbivore,Browser,Solitary,Crepuscular,Precocial,
141,Hylobates_lar,Hylobates_lar,Hylobates_lar,Hylobates_lar,Euarchontaglires,Primates,#006D2C,Hylobatidae,ERC,NHM,55.1498,Extant,Recent,Closed,Forest,,Arboreal,Arboreal,Herbivore,Herbivore,Herbivore,Frugivore,Social,Diurnal,Altricial,
142,Hyracodon_nebraskensis,Hyracodon_nebraskensis,Hyracodon_nebraskensis,Hyracodon_nebraskensis,Laurasiatheria,Perissodactyla,#669999,Hyracodontidae,ERC,FMNH,P12011,Extinct,,,,,Terrestrial,Terrestrial,Herbivore,Herbivore,Herbivore,,,,,
143,Hystrix_cristata,Hystrix_cristata,Hystrix_cristata,Hystrix_cristata,Euarchontaglires,Rodentia,#A1D99B,Hystricidae,P-H Fabre CT-scans,NHM,14.3.8.50.,Extant,Recent,Mixed_terrestrial,Forest to grassland,,Terrestrial,Terrestrial,Herbivore,Herbivore,Herbivore,bark to fruit,Social,Nocturnal,Precocial,
144,Ictitherium_viverrinum,Ictitherium_viverrinum,Ictitherium_viverrinum,Ictitherium_viverrinum,Laurasiatheria,Carnivora,#33CCFF,Hyaenidae,ERC,AMNH,China 51-L437,Extinct,,,,,Terrestrial,Terrestrial,Carnivore,Carnivore,Carnivore,,,,,
145,Ictops_dakotensis,Ictops_dakotensis,Ictops_dakotensis,Ictops_dakotensis,Stem,Leptictida,#993300,Leptictidae,ERC,FMNH,UC620,Extinct,,,,,Terrestrial,Terrestrial,Carnivore,Faunivore,Invertivore,,,,,
146,Indri_indri,Indri_indri,Indri_indri,Indri_indri,Euarchontaglires,Primates,#006D2C,Indriidae,ERC,NHM,35.1.8.2.,Extant,Recent,Closed,Forest,,Arboreal,Arboreal,Herbivore,Herbivore,Herbivore,Browser,Social,Diurnal,Altricial,
147,Inia_geoffrensis,Inia_geoffrensis,Inia_geoffrensis,Inia_geoffrensis,Laurasiatheria,Cetacea,#0000CC,Iniidae,Churchill et al scans,AMNH,93415,Extant,Recent,Aquatic,Freshwater,,Aquatic,Aquatic,Carnivore,Carnivore,Piscivore,Piscivore,Solitary,All,Precocial,
148,Kannabateomys_amblyonyx,Kannabateomys_amblyonyx,Kannabateomys_amblyonyx,Kannabateomys_amblyonyx,Euarchontaglires,Rodentia,#A1D99B,Echimyidae,P-H Fabre CT-scans,NHM,29.6.6.64.,Extant,Recent,Closed,Forest,,Arboreal,Arboreal,Herbivore,Herbivore,Herbivore,Folivore,Solitary,Nocturnal,Precocial,
149,Kerivoula_minuta,Kerivoula_minuta,Kerivoula_minuta,Kerivoula_minuta,Laurasiatheria,Chiroptera,#FF00FF,Vespertilionidae,Curtis & Simmons scans,AMNH,267626,Extant,Recent,Closed,Forest,,Volant,Volant,Invertivore,Invertivore,Invertivore,,unknown,Nocturnal,Altricial,
150,Kerodon_rupestris,Kerodon_rupestris,Kerodon_rupestris,Kerodon_rupestris,Euarchontaglires,Rodentia,#A1D99B,Caviidae,P-H Fabre CT-scans,NHM,3.9.5.108,Extant,Recent,Open,Savanna,,Saxicolous,Saxicolous,Herbivore,Herbivore,Herbivore,Folivore,Social,Crepuscular,Precocial,
151,Kobus_ellipsiprymnus,Kobus_ellipsiprymnus,Kobus_ellipsiprymnus,Kobus_ellipsiprymnus,Laurasiatheria,Artiodactyla,#6699FF,Bovidae,ERC,NHM,66.817.,Extant,Recent,Open,Savannah,,Terrestrial,Terrestrial,Herbivore,Herbivore,Herbivore,Grazer,Social,Diurnal,Precocial,
152,Kogia_breviceps,Kogia_breviceps,Kogia_breviceps,Kogia_breviceps,Laurasiatheria,Cetacea,#0000CC,Kogiidae,Churchill et al scans,USNM,22015,Extant,Recent,Aquatic,Marine,,Aquatic,Aquatic,Invertivore,Invertivore,Bulk invertivore,Squid,Social,All,Precocial,
153,Lagenorhynchus_albirostris,Lagenorhynchus_albirostris,Lagenorhynchus_albirostris,Lagenorhynchus_albirostris,Laurasiatheria,Cetacea,#0000CC,Delphinidae,Churchill et al scans,AMNH,37162,Extant,Recent,Aquatic,Marine,,Aquatic,Aquatic,Carnivore,Carnivore,Piscivore,Piscivore,Social,All,Precocial,
154,Lasionycteris_noctivagans,Lasionycteris_noctivagans,Lasionycteris_noctivagans,Lasionycteris_noctivagans,Laurasiatheria,Chiroptera,#FF00FF,Vespertilionidae,Curtis & Simmons scans,AMNH,213141,Extant,Recent,Closed,Forest,,Volant,Volant,Invertivore,Invertivore,Invertivore,,Solitary,Nocturnal,Altricial,
155,Leontopithecus_rosalia,Leontopithecus_rosalia,Leontopithecus_rosalia,Leontopithecus_rosalia,Euarchontaglires,Primates,#006D2C,Cebidae,ERC,NHM,39.612.,Extant,Recent,Closed,Forest,,Arboreal,Arboreal,Omnivore,Omnivore,Omnivore,,Social,Diurnal,Altricial,
156,Lepilemur_microdon,Lepilemur_microdon,Lepilemur_microdon,Lepilemur_microdon,Euarchontaglires,Primates,#006D2C,Lepilemuridae,ERC,NHM,97.9.1.16.,Extant,Recent,Closed,Forest,,Arboreal,Arboreal,Herbivore,Herbivore,Herbivore,Browser,Social,Nocturnal,Altricial,
157,Leptictis_sp,Leptictis_sp,Leptictis_sp,Leptictis_sp,Stem,Leptictida,#993300,Leptictidae,ERC,AMNH,38920,Extinct,,,,,Terrestrial,Terrestrial,Carnivore,Faunivore,Invertivore,,,,,
158,Lepus_californicus,Lepus_californicus,Lepus_californicus,Lepus_californicus,Euarchontaglires,Lagomorpha,#C7E9C0,Leporidae,DIGIMORPH,TMM,M-7500,Extant,Recent,Open,Grassland to desert,,Terrestrial,Terrestrial,Herbivore,Herbivore,Herbivore,Grazer,Solitary,Nocturnal,Precocial,
159,Lontra_felina,Lontra_felina,Lontra_felina,Lontra_felina,Laurasiatheria,Carnivora,#33CCFF,Mustelidae,A-C Fabre scans,MNHN-ZO-AC,1932-3019,Extant,Recent,Aquatic,Marine,,Aquatic,Aquatic,Carnivore,Carnivore,Carnivore,Durophagous,Solitary,Diurnal,Altricial,
160,Loris_tardigradus,Loris_tardigradus,Loris_tardigradus,Loris_tardigradus,Euarchontaglires,Primates,#006D2C,Loridae,A-C Fabre scans,MNHN-ZO-AC,1958-717,Extant,Recent,Closed,Forest,,Arboreal,Arboreal,Invertivore,Invertivore,Invertivore,Invertivore,Social,Nocturnal,Altricial,
161,Macrauchenia_sp,Macrauchenia_sp,Macrauchenia_sp,Macrauchenia_sp,Laurasiatheria,Litopterna,#CCCCFF,Macraucheniidae,ERC,NHM,??,Extinct,,,,,Terrestrial,Terrestrial,Herbivore,Herbivore,Herbivore,,,,,
162,Macroeuphractus_sp,Macroeuphractus_sp,Macroeuphractus_sp,Macroeuphractus_sp,Xenarthra,Cingulata,#666666,Dasypodidae,ERC,NHM,M5444,Extinct,Miocene,Open,Grassland,,Terrestrial,Terrestrial,Carnivore,Carnivore,Carnivore,,,,,
163,Macroscelides_proboscideus,Macroscelides_proboscideus,Macroscelides_proboscideus,Macroscelides_proboscideus,Afrotheria,Macroscelidea,#FDBB84,Macroscelididae,DIGIMORPH,AMNH,161535,Extant,Recent,Desert,Desert,,Semi-fossorial,Semi-fossorial,Invertivore,Insectivore,Invertivore,occasional herbivore,Solitary,Diurnal,Precocial,
164,Manis_javanicum,Manis_javanica,Manis_javanica,Manis_javanica,Laurasiatheria,Pholidota,#3366FF,Manidae,ERC,LDUCZ,z.42,Extant,Recent,Mixed_terrestrial,Forest to grassland,,Arboreal,Arboreal,Invertivore,Invertivore,Social insectivore,Social insectivore,Solitary,Nocturnal,Precocial,
165,Massoutiera_rothschildi,Massoutiera_mzabi,Massoutiera_mzabi,Massoutiera_mzabi,Euarchontaglires,Rodentia,#A1D99B,Ctenodactylidae,P-H Fabre CT-scans,,,Extant,Recent,Desert,Desert,,Saxicolous,Saxicolous,Herbivore,Herbivore,Herbivore,Folivore,Social,Diurnal,Precocial,
166,Megaladapis_edwardsi,Megaladapis_edwardsi,Megaladapis_edwardsi,Megaladapis_edwardsi,Euarchontaglires,Primates,#006D2C,Megaladapidae,ERC,MNHN,MAD8772a,Extinct,,,,,Arboreal,Arboreal,Herbivore,Herbivore,Herbivore,,,,,
167,Megaptera_novaeangliae,Megaptera_novaeangliae,Megaptera_novaeangliae,Megaptera_novaeangliae,Laurasiatheria,Cetacea,#0000CC,Balaenopteridae,Coombs scan,GERM,792a,Extant,Recent,Aquatic,Marine,,Aquatic,Aquatic,Carnivore,Faunivore,Bulk invertivore,Piscivore and Krill,Social,All,Precocial,
168,Megatherium_americanum,Megatherium_americanum,Megatherium_americanum,Megatherium_americanum,Xenarthra,Pilosa,#999999,Megatheriidae,ERC,NHM,19953,Extinct,,,,,Terrestrial,Terrestrial,Herbivore,Herbivore,Herbivore,,,,,
169,Mephitis_mephitis,Mephitis_mephitis,Mephitis_mephitis,Mephitis_mephitis,Laurasiatheria,Carnivora,#33CCFF,Mustelidae,A-C Fabre scans,USNM,260921,Extant,Recent,Open,Savanna,,Terrestrial,Terrestrial,Omnivore,Omnivore,Omnivore,Carnivore,Solitary,Nocturnal,Altricial,
170,Merycochoerus_proprius,Merycochoerus_proprius,Merycochoerus_proprius,Merycochoerus_proprius,Laurasiatheria,Artiodactyla,#6699FF,Merycoidodontidae,ERC,YPM,14100A,Extinct,Miocene,,,,Terrestrial,Terrestrial,Herbivore,Herbivore,Herbivore,Browser,,,,
171,Mesocyon_coryphaeus,Mesocyon_coryphaeus,Mesocyon_coryphaeus,Mesocyon_coryphaeus,Laurasiatheria,Carnivora,#33CCFF,Canidae,ERC,AMNH,6859,Extinct,,,,,Terrestrial,Terrestrial,Carnivore,Carnivore,Carnivore,,,,,
172,Mesohippus_meteulophus,Mesohippus_meteulophus,Mesohippus_meteulophus,Mesohippus_meteulophus,Laurasiatheria,Perissodactyla,#669999,Equidae,ERC,AMNH,1210,Extinct,,,,,Terrestrial,Terrestrial,Herbivore,Herbivore,Herbivore,,,,,
173,Mesoplodon_europaeus,Mesoplodon_europaeus,Mesoplodon_europaeus,Mesoplodon_europaeus,Laurasiatheria,Cetacea,#0000CC,Ziphiidae,Churchill et al scans,USNM,504256,Extant,Recent,Aquatic,Marine,,Aquatic,Aquatic,Invertivore,Invertivore,Bulk invertivore,Squid,Social,All,Precocial,
174,Metarhinus_fluviatilis,Metarhinus_fluviatilis,Metarhinus_fluviatilis,Metarhinus_fluviatilis,Laurasiatheria,Perissodactyla,#669999,Brontotheriidae,ERC,FMNH,P12187,Extinct,,,,,Terrestrial,Terrestrial,Herbivore,Herbivore,Herbivore,,,,,
175,Micropteropus_pusillus,Micropteropus_pusillus,Micropteropus_pusillus,Epomophorus_pusillus,Laurasiatheria,Chiroptera,#FF00FF,Pteropodidae,Curtis & Simmons scans,AMNH,257028,Extant,Recent,Open,Savanna,Forest,Volant,Volant,Herbivore,Herbivore,Herbivore,Frugivore,Social,Nocturnal,Altricial,
176,Miniochoerus_gracilis,Miniochoerus_gracilis,Miniochoerus_gracilis,Miniochoerus_gracilis,Laurasiatheria,Artiodactyla,#6699FF,Merycoidodontidae,ERC,USNM,628720,Extinct,Oligocene,,,,Terrestrial,Terrestrial,Herbivore,Herbivore,Herbivore,Browser,,,,
177,Miniopterus_australis,Miniopterus_australis,Miniopterus_australis,Miniopterus_australis,Laurasiatheria,Chiroptera,#FF00FF,Miniopteridae,Curtis & Simmons scans,AMNH,160287,Extinct,,Closed,Forest,Shrubland,Volant,Volant,Invertivore,Invertivore,Invertivore,,Social,Nocturnal,Altricial,
178,Miolabis_fricki,Miolabis_fricki,Miolabis_fricki,Miolabis_fricki,Laurasiatheria,Artiodactyla,#6699FF,Camelidae,ERC,LACM,131796,Extinct,,,,,Terrestrial,Terrestrial,Herbivore,Herbivore,Herbivore,,,,,
179,Moeritherium_andrewsi,Moeritherium_andrewsi,Moeritherium_andrewsi,Moeritherium_andrewsi,Afrotheria,Proboscidea,#FC8D59,Moeritheriidae,ERC,AMNH,9983,Extinct,,,,,Terrestrial,Terrestrial,Herbivore,Herbivore,Herbivore,,,,,
180,Molossus_rufus,Molossus_rufus,Molossus_rufus,Molossus_rufus,Laurasiatheria,Chiroptera,#FF00FF,Molossidae,Curtis & Simmons scans,AMNH,274122,Extant,Recent,Closed,Forest,Savanna + shrubland,Volant,Volant,Invertivore,Invertivore,Invertivore,,Social,Nocturnal,Altricial,
181,Monachus_tropicalis,Monachus_monachus,Monachus_monachus,Monachus_monachus,Laurasiatheria,Carnivora,#33CCFF,Phocidae,DIGIMORPH,USNM 100358,,Extant,Recent,Aquatic,Marine,,Aquatic,Aquatic,Carnivore,Carnivore,Piscivore,Piscivore,Solitary,Crepuscular,Altricial,
182,Mops_thersites,Mops_thersites,Mops_thersites,Mops_thersites,Laurasiatheria,Chiroptera,#FF00FF,Molossidae,Curtis & Simmons scans,AMNH,236347,Extant,Recent,Closed,Forest,,Volant,Volant,Invertivore,Invertivore,Invertivore,,Social,Nocturnal,Altricial,
183,Moropus_elatus,Moropus_elatus,Moropus_elatus,Moropus_elatus,Laurasiatheria,Perissodactyla,#669999,Chalicotheriidae,ERC,AMNH,14379,Extinct,,,,,Terrestrial,Terrestrial,Herbivore,Herbivore,Herbivore,,,,,
184,Moschus_moschiferus,Moschus_moschiferus,Moschus_moschiferus,Moschus_moschiferus,Laurasiatheria,Artiodactyla,#6699FF,Moschidae,ERC,NHM,26.4.2.1,Extant,Recent,Closed,Monane forest,,Terrestrial,Terrestrial,Herbivore,Herbivore,Herbivore,Browser,Solitary,Nocturnal,Precocial,
185,Muntiacus_muntjack,Muntiacus_muntjak,Muntiacus_muntjak,Muntiacus_muntjak,Laurasiatheria,Artiodactyla,#6699FF,Cervidae,ERC,NHM,15.3.2.1.,Extant,Recent,Mixed_terrestrial,Forest and grassland,,Terrestrial,Terrestrial,Omnivore,Omnivore,Omnivore,"Grass, fruit, small fauna",Solitary,All,Precocial,
186,Myocastor_coypu,Myocastor_coypus,Myocastor_coypus,Myocastor_coypus,Euarchontaglires,Rodentia,#A1D99B,Myocastoridae,Fox UMN CT-scan,UMN,2805,Extant,Recent,Mixed_terrestrial,Forest to grassland marshes,,Semi-aquatic,Semi-aquatic  ,Herbivore,Herbivore,Herbivore,Folivore,Social,Nocturnal,Precocial,
187,Myodes_gapperi,Cleithrionomys_gapperi,Myodes_gapperi,Clethrionomys_gapperi,Euarchontaglires,Rodentia,#A1D99B,Cricetidae,Fox UMN CT-scan,UMN,5740,Extant,Recent,Closed,Forest,,Terrestrial,Terrestrial,Herbivore,Herbivore,Herbivore,Granivore,Solitary,Nocturnal,Altricial,
188,Myospalax_psilurus,Myospalax_psilurus,Myospalax_psilurus,Myospalax_psilurus,Euarchontaglires,Rodentia,#A1D99B,Spalacidae,P-H Fabre CT-scans,NHM,26.2.3.14.,Extant,Recent,Open,Grassland,,Fossorial,Fossorial,Herbivore,Herbivore,Herbivore,Roots,Solitary,Nocturnal,,
189,Myotis_vivesi,Myotis_vivesi,Myotis_vivesi,Myotis_vivesi,Laurasiatheria,Chiroptera,#FF00FF,Vespertilionidae,Curtis & Simmons scans,AMNH,180834,Extant,Recent,Open,Shrubland,,Volant,Volant,Carnivore,Carnivore,Piscivore,Piscivore,Social,Nocturnal,Altricial,
190,Mystacina_tuberculata,Mystacina_tuberculata,Mystacina_tuberculata,Mystacina_tuberculata,Laurasiatheria,Chiroptera,#FF00FF,Mystacinidae,Curtis & Simmons scans,AMNH,173919,Extant,Recent,Closed,Forest,,Volant,Volant,Omnivore,Omnivore,Omnivore,,Social,Nocturnal,Altricial,
191,Myzopoda_aurita,Myzopoda_aurita,Myzopoda_aurita,Myzopoda_aurita,Laurasiatheria,Chiroptera,#FF00FF,Myzopodidae,Curtis & Simmons scans,AMNH,257130,Extant,Recent,Closed,Forest,,Volant,Volant,Invertivore,Invertivore,Invertivore,,Social,Nocturnal,Altricial,
192,Nandinia_binotata,Nandinia_binotata,Nandinia_binotata,Nandinia_binotata,Laurasiatheria,Carnivora,#33CCFF,Nandiniidae,A-C Fabre scans,MNHN-ZO-AC,1966-213,Extant,Recent,Closed,Forest,,Arboreal,Arboreal,Omnivore,Omnivore,Omnivore,Carnivore,Solitary,Nocturnal,Altricial,
193,Natalus_major,Natalus_major,Natalus_major,Natalus_major,Laurasiatheria,Chiroptera,#FF00FF,Natalidae,Curtis & Simmons scans,AMNH,278371,Extant,Recent,Closed,Forest,Shrubland,Volant,Volant,Invertivore,Invertivore,Invertivore,,Social,Nocturnal,Altricial,
194,Neofelis_nebulosa,Neofelis_nebulosa,Neofelis_nebulosa,Neofelis_nebulosa,Laurasiatheria,Carnivora,#33CCFF,Felidae,ERC,NHM,39.336.,Extant,Recent,Closed,Forest,,Arboreal,Arboreal,Carnivore,Carnivore,Carnivore,Carnivore,Solitary,Nocturnal,Altricial,
195,Neohipparion_affine,Neohipparion_affine,Neohipparion_affine,Neohipparion_affine,Laurasiatheria,Perissodactyla,#669999,Equidae,ERC,AMNH,UNSM 101500,Extinct,,,,,Terrestrial,Terrestrial,Herbivore,Herbivore,Herbivore,,,,,
196,Neoparadoxia_cecilialina,Neoparadoxia_cecilialina,Neoparadoxia_cecilialina,Neoparadoxia_cecilialina,Afrotheria,Desmostylia,#7F0000,Paleoparadoxiidae,ERC,LACM,150000,Extinct,,,,,Semi-aquatic,Semi-aquatic  ,Herbivore,Herbivore,Herbivore,,,,,
197,Neoreomys_australis,Neoreomys_australis,Neoreomys_australis,Neoreomys_australis,Euarchontaglires,Rodentia,#A1D99B,Dasyproctidae,ERC,YPM,PU15572,Extinct,Miocene,,,,Terrestrial,Terrestrial,Herbivore,Herbivore,Herbivore,,,,,
198,Neoromica_nanu,Pipistrellus_nanus,Neoromicia_nana,Neoromica_nanus,Laurasiatheria,Chiroptera,#FF00FF,Vespertilionidae,Curtis & Simmons scans,AMNH,276136,Extant,Recent,Closed,Forest,Shrubland + desert,Volant,Volant,Invertivore,Invertivore,Invertivore,,Social,Nocturnal,Altricial,
199,Neotherium_mirum,Neotherium_mirum,Neotherium_mirum,Neotherium_mirum,Laurasiatheria,Carnivora,#33CCFF,Odobenidae,ERC,LACM,131950,Extinct,Miocene,Aquatic,Marine,,Aquatic,Aquatic,Carnivore,Carnivore,Carnivore,,,,,
200,Neotoma_albigula,Neotoma_albigula,Neotoma_albigula,Neotoma_albigula,Euarchontaglires,Rodentia,#A1D99B,Cricetidae,Fox UMN CT-scan,UMN,3965,Extant,Recent,Desert,Desert,Desert + Forest,Terrestrial,Terrestrial,Herbivore,Herbivore,Herbivore,"Generalist, cactus",Solitary,Nocturnal,Altricial,
201,Nesomys_rufus,Nesomys_rufus,Nesomys_rufus,Nesomys_rufus,Euarchontaglires,Rodentia,#A1D99B,Nesomyidae,P-H Fabre CT-scans,NHM,35.1.8.335.,Extant,Recent,Closed,Forest,,Terrestrial,Terrestrial,Herbivore,Herbivore,Herbivore,,Solitary,Diurnal,Altricial,
202,Noctilio_albiventris,Noctilio_albiventris,Noctilio_albiventris,Noctilio_albiventris,Laurasiatheria,Chiroptera,#FF00FF,Noctilionidae,Curtis & Simmons scans,AMNH,243717,Extant,Recent,Closed,Forest,,Volant,Volant,Invertivore,Invertivore,Invertivore,,Social,Nocturnal,Altricial,
203,Nothrotheriops_sp,Nothrotheriops_sp,Nothrotheriops_sp,Nothrotheriops_sp,Xenarthra,Pilosa,#999999,Nothrotheriidae,ERC,MNHN,?,Extinct,,,,,Terrestrial,Terrestrial,Herbivore,Herbivore,Herbivore,,,,,
204,Notostylops_pendens,Notostylops_pendens,Notostylops_pendens,Notostylops_pendens,Laurasiatheria,Notoungulata,#FFCCFF,Notostylopidae,ERC,AMNH,28634,Extinct,,,,,Terrestrial,Terrestrial,Herbivore,Herbivore,Herbivore,,,,,
205,Nycteris_tragata,Nycteris_tragata,Nycteris_tragata,Nycteris_tragata,Laurasiatheria,Chiroptera,#FF00FF,Nycteridae,Curtis & Simmons scans,AMNH,247250,Extant,Recent,Closed,Forest,,Volant,Volant,Invertivore,Invertivore,Invertivore,,Social,Nocturnal,Altricial,
206,Ochotona_pallasi,Ochotona_pallasi,Ochotona_pallasi,Ochotona_pallasi,Euarchontaglires,Lagomorpha,#C7E9C0,Ochotonidae,ERC,NHM,1994.230.,Extant,Recent,Open,Grassland,,Semi-fossorial,Semi-fossorial,Herbivore,Herbivore,Herbivore,Grazer,Solitary,Diurnal,Altricial,
207,Odobenocetops_sp,Odobenocetops_peruvianus,Odobenocetops_peruvianus,Odobenocetops_peruvianus,Laurasiatheria,Cetacea,#0000CC,Odobenocetopsidae,Coombs scan,SMNK PAL,2491,Extinct,Miocene,Aquatic,Marine,,Aquatic,Aquatic,Carnivore,Carnivore,Carnivore,,,,,
208,Odobenus_rosmarus,Odobenus_rosmarius,Odobenus_rosmarus,Odobenus_rosmarus,Laurasiatheria,Carnivora,#33CCFF,Odobenidae,Digimorph,MVZ,125566,Extant,Recent,Aquatic,Marine,,Aquatic,Aquatic,Invertivore,Invertivore,Invertivore,Durophagous,Social,Diurnal,Altricial,
209,Onychmys_leucogaster,Onychomys_leucogaster,Onychomys_leucogaster,Onychomys_leucogaster,Euarchontaglires,Rodentia,#A1D99B,Cricetidae,Fox UMN CT-scan,UMN,3985,Extant,Recent,Open,Grassland,,Semi-fossorial,Semi-fossorial,Invertivore,Invertivore,Invertivore,Insectivore,Solitary,Nocturnal,Altricial,
210,Oodectes_sp,Oodectes_sp,Oodectes_sp,Oodectes_sp,Laurasiatheria,Carnivora,#33CCFF,Miacidae,ERC,AMNH,14008,Extinct,,,,,Semi-arboreal,Scansorial,Invertivore,Insectivore,Invertivore,,,,,
211,Orycteropus_afer,Orycteropus_afer,Orycteropus_afer,Orycteropus_afer,Afrotheria,Tubulidentata,#EF6548,Orycteropodidae,DIGIMORPH,AMNH,51909,Extant,Recent,Open,Savannah,,Fossorial,Fossorial,Invertivore,Insectivore,Social insectivore,Social insectivore,Solitary,Nocturnal,Altricial,
212,Oryctolagus_cuniculus,Oryctolagus_cuniculus,Oryctolagus_cuniculus,Oryctolagus_cuniculus,Euarchontaglires,Lagomorpha,#C7E9C0,Leporidae,ERC,LDUCZ,z.1703,Extant,Recent,Mixed_terrestrial,Grassland to forest,,Semi-fossorial,Semi-fossorial to terrestrial,Herbivore,Herbivore,Herbivore,Grazer and browser,Social,Nocturnal,Altricial,
213,Osbornodon_fricki,Osbornodon_fricki,Osbornodon_fricki,Osbornodon_fricki,Laurasiatheria,Carnivora,#33CCFF,Canidae,ERC,AMNH,67098,Extinct,,,,,Terrestrial,Terrestrial,Carnivore,Carnivore,Carnivore,,,,,
214,Otolemur_crassicaudatus,Otolemur_crassicaudatus,Otolemur_crassicaudatus,Otolemur_crassicaudatus,Euarchontaglires,Primates,#006D2C,Galagidae,ERC,NHM,64.911,Extant,Recent,Closed,Forest,,Arboreal,Arboreal,Omnivore,Omnivore,Omnivore,Invertivore,Social,Nocturnal,Altricial,
215,Otomys_angoniensi,Otomys_angoniensis,Otomys_angoniensis,Otomys_angoniensis,Euarchontaglires,Rodentia,#A1D99B,Muridae,P-H Fabre CT-scans,NHM,50.1478.,Extant,Recent,Open,Grassland,,Terrestrial,Terrestrial,Herbivore,Herbivore,Herbivore,Grasses and roots,Solitary,Diurnal,Precocial,
216,Paedotherium_chapadmalensis,Paedotherium_chapadmalensis,Paedotherium_chapadmalensis,Paedotherium_chapadmalensis,Laurasiatheria,Notoungulata,#FFCCFF,Hegetotheriidae,ERC,AMNH,45914,Extinct,,,,,Terrestrial,Terrestrial,Herbivore,Herbivore,Herbivore,,,,,
217,Pakicetus_attocki,Pakicetus_attocki,Pakicetus_attocki,Pakicetus_attocki,Laurasiatheria,Cetacea,#0000CC,Pakicetidae,Coombs scan,UMMP PV M,100148,Extinct,Eocene,Aquatic,Freshwater,,Aquatic,Aquatic,Carnivore,Carnivore,Carnivore,,,,,
218,Palaeocastor_fossor,Palaeocastor_fossor,Palaeocastor_fossor,Palaeocastor_fossor,Euarchontaglires,Rodentia,#A1D99B,Castoridae,ERC,AMNH,65022,Extinct,,,,,Semi-aquatic,Semi-aquatic  ,Herbivore,Herbivore,Herbivore,,,,,
219,Palaeoprionodon_lamandini,Palaeoprionodon_lamandini,Palaeoprionodon_lamandini,Palaeoprionodon_lamandini,Laurasiatheria,Carnivora,#33CCFF,Feliformia,ERC,MNHN,QU9370,Extinct,,,,,Terrestrial,Terrestrial,Omnivore,Omnivore,Omnivore,,,,,
220,Palaeopropithecus_maximus,Palaeopropithecus_maximus,Palaeopropithecus_maximus,Palaeopropithecus_maximus,Euarchontaglires,Primates,#006D2C,Palaeopropithecidae,ERC,MNHN,MAD102,Extinct,,,,,Arboreal,Arboreal,Herbivore,Herbivore,Herbivore,,,,,
221,Pan_troglodytes,Pan_troglodytes,Pan_troglodytes,Pan_troglodytes,Euarchontaglires,Primates,#006D2C,Hominidae,DIGIMORPH,NHM,1939.3378,Extant,Recent,Closed,Forest,,Semi-arboreal,Semi-arboreal,Omnivore,Omnivore,Omnivore,,Social,Diurnal,Altricial,
222,Papio_papio,Papio_hamadryas,Papio_hamadryas,Papio_hamadryas,Euarchontaglires,Primates,#006D2C,Cercopithecidae,Smithsonian 3D,USNM,378669,Extant,Recent,Open,Savanna,,Terrestrial,Terrestrial,Omnivore,Omnivore,Omnivore,,Social,Diurnal,Altricial,
223,Paracastoroides_kansensis,Castoroides_kansensis,Castoroides_kansensis,Paracastoroides_kansensis,Euarchontaglires,Rodentia,#A1D99B,Castoridae,ERC,MNHN,1953-17,Extinct,,,,,Semi-aquatic,Semi-aquatic  ,Herbivore,Herbivore,Herbivore,,,,,
224,Paraceratherium_sp,Paraceratherium_sp,Paraceratherium_sp,Paraceratherium_sp,Laurasiatheria,Perissodactyla,#669999,Paraceratheriidae,ERC,NHM,M84196,Extinct,,,,,Terrestrial,Terrestrial,Herbivore,Herbivore,Herbivore,,,,,
225,Paradoxurus_hermaphroditus,Paradoxurus_hermaphroditus,Paradoxurus_hermaphroditus,Paradoxurus_hermaphroditus,Laurasiatheria,Carnivora,#33CCFF,Viverridae,A-C Fabre scans,MNHN-ZO-AC,1990-581,Extant,Recent,Closed,Forest,,Semi-arboreal,Scansorial,Omnivore,Omnivore,Omnivore,Carnivore,Solitary,Nocturnal,Altricial,
226,Parahippus_tyleri,Parahippus_tyleri,Parahippus_tyleri,Parahippus_tyleri,Laurasiatheria,Perissodactyla,#669999,Equidae,ERC,FMNH,UC1251,Extinct,,,,,Terrestrial,Terrestrial,Herbivore,Herbivore,Herbivore,,,,,
227,Pedetes_safer,Pedetes_capensis,Pedetes_capensis,Pedetes_capensis,Euarchontaglires,Rodentia,#A1D99B,Pedetidae,P-H Fabre CT-scans,UM,N502,Extant,Recent,Open,Desert to grassland,,Terrestrial,Terrestrial,Herbivore,Herbivore,Herbivore,Grasses,Solitary,Nocturnal,Altricial,
228,Petromys_typicus,Petromus_typicus,Petromus_typicus,Petromus_typicus,Euarchontaglires,Rodentia,#A1D99B,Petromuridae,P-H Fabre CT-scans,BMNH,25124208,Extant,Recent,Desert,Desert,,Saxicolous,Saxicolous,Herbivore,Herbivore,Herbivore,"Folivore, mixed",Solitary,Diurnal,Precocial,
229,Petromyscus_shortridgei,Petromyscus_sp,Petromyscus_shortridgei,Petromyscus_shortridgei,Euarchontaglires,Rodentia,#A1D99B,Nesomyidae,P-H Fabre CT-scans,NHM,28.9.11.360.,Extant,Recent,Desert,Desert,,Saxicolous,Saxicolous,Omnivore,Omnivore,Omnivore,,Solitary,Nocturnal,Altricial,
230,Phenacocoelus_stouti,Phenacocoelus_stouti,Phenacocoelus_stouti,Phenacocoelus_stouti,Laurasiatheria,Artiodactyla,#6699FF,Merycoidodontidae,ERC,FMNH,P12251,Extinct,,,,,Terrestrial,Terrestrial,Herbivore,Herbivore,Herbivore,,,,,
231,Phocoena_phocoena,Phocoena_phocoena,Phocoena_phocoena,Phocoena_phocoena,Laurasiatheria,Cetacea,#0000CC,Phocoenidae,Churchill et al scans,AMNH,10188,Extant,Recent,Aquatic,Marine,,Aquatic,Aquatic,Carnivore,Carnivore,Piscivore,Piscivore,Social,All,Precocial,
232,Physeter_macrocephalus,Physeter_macrocephalus,Physeter_macrocephalus,Physeter_macrocephalus,Laurasiatheria,Cetacea,#0000CC,Physeteridae,Coombs scan,NHMUK,2007.1,Extant,Recent,Aquatic,Marine,,Aquatic,Aquatic,Invertivore,Invertivore,Bulk invertivore,Squid,Social,All,Precocial,
233,Pipistrellus_sp,Pipistrellus_hesperus,Pipistrellus_hesperidus,Pipistrellus_sp,Laurasiatheria,Chiroptera,#FF00FF,Vespertillionidae,ERC,LDUCZ,z.617,Extant,Recent,Open,Rocky areas,Forest + shrubland + desert,Volant,Volant,Invertivore,Invertivore,Invertivore,,Social,Nocturnal,Altricial,
234,Platanista_gangetica,Platanista_gangetica,Platanista_gangetica,Platanista_gangetica,Laurasiatheria,Cetacea,#0000CC,Platanistidae,Churchill et al scans,USNM,172409,Extant,Recent,Aquatic,Freshwater,,Aquatic,Aquatic,Carnivore,Carnivore,Piscivore,Piscivore,Solitary,All,Precocial,
235,Platygonus_compressus,Platygonus_compressus,Platygonus_compressus,Platygonus_compressus,Laurasiatheria,Artiodactyla,#6699FF,Tayassuidae,ERC,AMNH,45703,Extinct,,,,,Terrestrial,Terrestrial,Herbivore,Herbivore,Herbivore,,,,,
236,Plesictis_lemanensis,Plesictis_lemanensis,Plesictis_lemanensis,Plesictis_lemanensis,Laurasiatheria,Carnivora,#33CCFF,Mustelidae,ERC,MNHN,SG3217,Extinct,,,,,Semi-arboreal,Scansorial,Carnivore,Carnivore,Carnivore,,,,,
237,Pleurolestodon_aequidens,Pleurolestodon_aequidens,Pleurolestodon_aequidens,Pleurolestodon_aequidens,Xenarthra,Pilosa,#999999,Mylodontidae,ERC,FMNH,P14495,Extinct,,,,,Terrestrial,Terrestrial,Herbivore,Herbivore,Herbivore,,,,,
238,Poebrotherium_sp,Poebrotherium_sp,Poebrotherium_sp,Poebrotherium_sp,Laurasiatheria,Artiodactyla,#6699FF,Camelidae,ERC,USNM,630934,Extinct,,,,,Terrestrial,Terrestrial,Herbivore,Herbivore,Herbivore,,,,,
239,Pongo_pygmaeus,Pongo_pygmaeus,Pongo_pygmaeus,Pongo_pygmaeus,Euarchontaglires,Primates,#006D2C,Hominidae,ERC,NHM,1986.1101. 3p (GERM),Extant,Recent,Closed,Forest,,Arboreal,Arboreal,Herbivore,Herbivore,Herbivore,Frugivore,Social,Diurnal,Altricial,
240,Pontoporia_blainvillei,Pontoporia_blainvillei,Pontoporia_blainvillei,Pontoporia_blainvillei,Laurasiatheria,Cetacea,#0000CC,Pontoporiidae,Churchill et al scans,USNM,482727,Extant,Recent,Aquatic,Marine,,Aquatic,Aquatic,Carnivore,Carnivore,Piscivore,Piscivore,Social,Diurnal,Precocial,
241,Potamagale_velox,Potamogale_velox,Potamogale_velox,Potamogale_velox,Afrotheria,Afrosoricida,#FEE8C8,Tenrecidae,ERC,NHM,98.10.7.6.,Extant,Recent,Closed,Forest,Rainforest streams & swamps,Semi-aquatic,Semi-aquatic and semi-fossorial,Carnivore,Faunivore,Carnivore,Faunivore,Solitary,Nocturnal,Altricial,
242,Potamotherium_valetoni,Potamotherium_valetoni,Potamotherium_valetoni,Potamotherium_valetoni,Laurasiatheria,Carnivora,#33CCFF,Mustelidae,ERC,MNHN,SG 692,Extinct,Oligocene-Miocene,Aquatic,Freshwater,,Aquatic,Aquatic,Carnivore,Carnivore,Carnivore,Carnivore,,,,
243,Potos_flavus,Potos_flavus,Potos_flavus,Potos_flavus,Laurasiatheria,Carnivora,#33CCFF,Procyonidae,A-C Fabre scans,MNHN-ZO-AC,1995-957,Extant,Recent,Closed,Forest,,Arboreal,Arboreal,Herbivore,Herbivore,Herbivore,Frugivore,Social,Nocturnal,Altricial,
244,Prionodon_pardicolor,Prionodon_pardicolor,Prionodon_pardicolor,Prionodon_pardicolor,Laurasiatheria,Carnivora,#33CCFF,Viverridae,A-C Fabre scans,MNHN-ZO-AC,1929-424,Extant,Recent,Closed,Forest,,Arboreal,Arboreal,Carnivore,Carnivore,Carnivore,Carnivore,Solitary,Nocturnal,Altricial,
245,Procavia_capensis,Procavia_capensis,Procavia_capensis,Procavia_capensis,Afrotheria,Hyracoidea,#FDD49E,Procaviidae,ERC,NHM,3.1.2.3,Extant,Recent,Open,Savanna to desert,,Saxicolous,Saxicolous,Herbivore,Herbivore,Herbivore,Browser,Social,Diurnal,Precocial,
246,Prodeinotherium_hobleyi,Prodeinotherium_hobleyi,Prodeinotherium_hobleyi,Prodeinotherium_hobleyi,Afrotheria,Proboscidea,#FC8D59,Deinotheriidae,ERC,NHM,M26665,Extinct,,,,,Terrestrial,Terrestrial,Herbivore,Herbivore,Herbivore,,,,,
247,Proechimys_cuvieri,Proechimys_cuvieri,Proechimys_cuvieri,Proechimys_cuvieri,Euarchontaglires,Rodentia,#A1D99B,Echimyidae,P-H Fabre CT-scans,NHM,84.1092.,Extant,Recent,Closed,Forest,,Fossorial,Fossorial,Herbivore,Herbivore,Herbivore,Frugivore,Social,Nocturnal,Precocial,
248,Proneotherium_repenningi,Proneotherium_repenningi,Proneotherium_repenningi,Proneotherium_repenningi,Laurasiatheria,Carnivora,#33CCFF,Odobenidae,ERC,LACM,124686,Extinct,Miocene,Aquatic,Marine,,Aquatic,Aquatic,Carnivore,Carnivore,Carnivore,,,,,
249,Propalaeohoplophorus_australis,Propalaehoplophorus_australis,Propalaehoplophorus_australis,Propalaeohoplophorus_australis,Xenarthra,Cingulata,#666666,Glyptodontidae,ERC,MLP,16-15a,Extinct,,,,,Terrestrial,Terrestrial,Omnivore,Omnivore,Omnivore,,,,,
250,Proteles_cristatus,Proteles_cristata,Proteles_cristata,Proteles_cristatus,Laurasiatheria,Carnivora,#33CCFF,Hyaenidae,Phenome10K,,J050607T02,Extant,Recent,Open,Savanna,,Terrestrial,Terrestrial,Invertivore,Invertivore,Social insectivore,Social_invertivore,Solitary,Nocturnal,Altricial,
251,Protosiren_sp,Protosiren_sp,Protosiren_sp,Protosiren_sp,Afrotheria,Sirenia,#B30000,Protosirenidae,ERC,NHM,M60043a,Extinct,Eocene,,Marine,,Aquatic,Aquatic,Herbivore,Herbivore,Herbivore,,,,,
252,Protypotherium_attenuatum,Protypotherium_attenuatum,Protypotherium_attenuatum,Protypotherium_attenuatum,Laurasiatheria,Notoungulata,#FFCCFF,Interatheriidae,ERC,YPM,PU15665,Extinct,,,,,Terrestrial,Terrestrial,Herbivore,Herbivore,Herbivore,,,,,
253,Pseudorca_crassidens,Pseudorca_crassidens,Pseudorca_crassidens,Pseudorca_crassidens,Laurasiatheria,Cetacea,#0000CC,Delphinidae,Churchill et al scans,AMNH,99681,Extant,Recent,Aquatic,Marine,,Aquatic,Aquatic,Carnivore,Faunivore,Piscivore,Fish and Squid,Social,All,Precocial,
254,Pterodon_dasyuroides,Pterodon_dasyuroides,Pterodon_dasyuroides,Pterodon_dasyuroides,Laurasiatheria,Creodonta,#3399CC,Hyainailouridae,ERC,MNHN,QU8301,Extinct,,,,,Terrestrial,Terrestrial,Carnivore,Carnivore,Carnivore,,,,,
255,Pteronarctos_goedertae,Pteronarctos_goedertae,Pteronarctos_goedertae,Pteronarctos_goedertae,Laurasiatheria,Carnivora,#33CCFF,Pinnipedimorphia,ERC,LACM,123883,Extinct,Miocene,Aquatic,Marine,,Aquatic,Aquatic,Carnivore,Carnivore,Carnivore,,,,,
256,Pteropus_sp,Pteropus_niger,Pteropus_niger,Pteropus_sp,Laurasiatheria,Chiroptera,#FF00FF,Pteropodidae,ERC,LDUCZ,z.901,Extant,Recent,Closed,Forest,,Volant,Volant,Herbivore,Herbivore,Herbivore,Frugivore,Social,Nocturnal,Altricial,
257,Ptilocercus_lowii,Ptilocercus_lowi,Ptilocercus_lowii,Ptilocercus_lowii,Euarchontaglires,Scandentia,#31A354,Ptilocercidae,ERC,NHM,61.1155.,Extant,Recent,Closed,Forest,,Arboreal,Arboreal,Omnivore,Omnivore,Omnivore,Fruit and insects,Social,Nocturnal,Altricial,
258,Puelia_coarctatus,Puelia_coarctatus,Puelia_coarctatus,Puelia_coarctatus,Laurasiatheria,Notoungulata,#FFCCFF,Notohippidae,ERC,MLP,63-II-27-27a,Extinct,,,,,Terrestrial,Terrestrial,Herbivore,Herbivore,Herbivore,,,,,
259,Puma_concolor,Puma_concolor,Puma_concolor,Puma_concolor,Laurasiatheria,Carnivora,#33CCFF,Felidae,ERC,NHM,65.5.18.33.,Extant,Recent,Closed,Forest,,Terrestrial,Terrestrial,Carnivore,Carnivore,Carnivore,Carnivore,Solitary,Nocturnal,Altricial,
260,Ratufa_affinis,Ratufa_affinis,Ratufa_affinis,Ratufa_affinis,Euarchontaglires,Rodentia,#A1D99B,Sciuridae,P-H Fabre CT-scans,NHM,55.1724.,Extant,Recent,Closed,Forest,,Arboreal,Arboreal,Herbivore,Herbivore,Herbivore,Generalist,Solitary,Diurnal,Precocial,
261,Reithrodontomys_megalotis,Reithrodontomys_megalotis,Reithrodontomys_megalotis,Reithrodontomys_megalotis,Euarchontaglires,Rodentia,#A1D99B,Cricetidae,Fox UMN CT-scan,UMN,5017,Extant,Recent,Open,Grassland,Grassland + Desert,Terrestrial,Terrestrial,Herbivore,Herbivore,Herbivore,Granivore,Solitary,Nocturnal,Altricial,
262,Rhinolophus_acuminatus,Rhinolophus_acuminatus,Rhinolophus_acuminatus,Rhinolophus_acuminatus,Laurasiatheria,Chiroptera,#FF00FF,Rhinolophidae,Curtis & Simmons scans,AMNH,27381,Extant,Recent,Closed,Forest,,Volant,Volant,Invertivore,Invertivore,Invertivore,,Social,Nocturnal,Altricial,
263,Rhinonycteris_aurantia,Rhinonicteris_aurantia,Rhinonicteris_aurantia,Rhinonicteris_aurantia,Laurasiatheria,Chiroptera,#FF00FF,Hipposideridae,Curtis & Simmons scans,AMNH,197216,Extant,Recent,Closed,Forest,Savanna + shrubland,Volant,Volant,Invertivore,Invertivore,Invertivore,,Social,Nocturnal,Altricial,
264,Rhinopoma_hardwickeii,Rhinopoma_hardwickei,Rhinopoma_hardwickii,Rhinopoma_hardwickii,Laurasiatheria,Chiroptera,#FF00FF,Rhinopomatidae,Curtis & Simmons scans,AMNH,21793,Extant,Recent,Desert,Desert,Shrubland + forest,Volant,Volant,Invertivore,Invertivore,Invertivore,,Social,Nocturnal,Altricial,
265,Rhizomys_sumatrensis,Rhizomys_sinensis,Rhizomys_sinensis,Rhizomys_sumatrensis,Euarchontaglires,Rodentia,#A1D99B,Spalacidae,P-H Fabre CT-scans,NHM,73.1780.,Extant,Recent,Mixed_terrestrial,Forest to grassland,,Fossorial,Fossorial,Herbivore,Herbivore,Herbivore,"Folivore, Granivore",Solitary,Nocturnal,Altricial,
266,Rhynchocyon_sp,Rhynchocyon_petersi,Rhynchocyon_petersi,Rhynchocyon_petersi,Afrotheria,Macroscelidea,#FDBB84,Macroscelididae,ERC,LDUCZ,z.609,Extant,Recent,Closed,Forest,,Terrestrial,Terrestrial,Invertivore,Insectivore,Invertivore,,Solitary,Nocturnal,Precocial,
267,Saccolaimus_flaviventris,Saccolaimus_saccolaimus,Saccolaimus_saccolaimus,Saccolaimus_flaviventris,Laurasiatheria,Chiroptera,#FF00FF,Emballonuridae,Curtis & Simmons scans,AMNH,107759,Extant,Recent,Closed,Forest,Savanna + shrubland,Volant,Volant,Invertivore,Invertivore,Invertivore,,Social,Nocturnal,Altricial,
268,Saiga_tatarica,Saiga_tatarica,Saiga_tatarica,Saiga_tatarica,Laurasiatheria,Artiodactyla,#6699FF,Bovidae,ERC,NHM,1961.5.30.1.,Extant,Recent,Open,Grassland and desert,,Terrestrial,Terrestrial,Herbivore,Herbivore,Herbivore,Grazer,Social,Diurnal,Precocial,
269,Saimiri_sciureus,Saimiri_sciureus,Saimiri_sciureus,Saimiri_sciureus,Euarchontaglires,Primates,#006D2C,Cebidae,ERC,NHM,27.11.1.18.,Extant,Recent,Closed,Forest,,Arboreal,Arboreal,Herbivore,Herbivore,Herbivore,Frugivore,Social,Diurnal,Altricial,
270,Scalopus_aquaticus,Scalopus_aquaticus,Scalopus_aquaticus,Scalopus_aquaticus,Laurasiatheria,Eulipotyphla,#00FFFF,Talpidae,ERC,NHM,7.7.7.1240.,Extant,Recent,Closed,Forest,,Fossorial,Fossorial,Invertivore,Invertivore,Invertivore,Vermivore,Solitary,Nocturnal,Altricial,
271,Scelidotherium_sp,Scelidotherium_sp,Scelidotherium_sp,Scelidotherium_sp,Xenarthra,Pilosa,#999999,Mylodontidae,ERC,AMNH,45910,Extinct,,,,,Terrestrial,Terrestrial,Herbivore,Herbivore,Herbivore,,,,,
272,Schizodelphis_morckhoviensis,Schizodelphis_morckhoviensis,Schizodelphis_morckhoviensis,Schizodelphis_morckhoviensis,Laurasiatheria,Cetacea,#0000CC,Eurhinodelphidae,Coombs scan,USNM,13873,Extinct,Miocene,Aquatic,Marine,,Aquatic,Aquatic,Carnivore,Carnivore,Carnivore,,,,,
273,Sigmodon_inexoratus,Sigmodon_leucotis,Sigmodon_leucotis,Sigmodon_inexoratus,Euarchontaglires,Rodentia,#A1D99B,Cricetidae,Fox UMN CT-scan,UMN,6943,Extant,Recent,Open,Grassland,,Terrestrial,Terrestrial,Herbivore,Herbivore,Herbivore,Occasional omnivore,Social,Diurnal,Altricial,
274,Sinorhinus_cornutus,Sinorhinus_cornutus,Sinorhinus_cornutus,Sinorhinus_cornutus,Laurasiatheria,Perissodactyla,#669999,Rhinocerotidae,ERC,BSP,BSPG_25002_I_1,Extinct,,,,,Terrestrial,Terrestrial,Herbivore,Herbivore,Herbivore,,,,,
275,Smilodon_sp,Smilodon_sp,Smilodon_sp,Smilodon_sp,Laurasiatheria,Carnivora,#33CCFF,Felidae,ERC,MNHN,AMN109,Extinct,,,,,Terrestrial,Terrestrial,Carnivore,Carnivore,Carnivore,,,,,
276,Solenodon_paradoxus,Solenodon_paradoxus,Solenodon_paradoxus,Solenodon_paradoxus,Laurasiatheria,Eulipotyphla,#00FFFF,Solenodontidae,ERC,NHM,10.10.15.2.,Extant,Recent,Closed,Forest,,Fossorial,Fossorial,Invertivore,Invertivore,Invertivore,,Social,Nocturnal,Altricial,
277,Sorex_monticolus,Sorex_monticolus,Sorex_monticolus,Sorex_monticolus,Laurasiatheria,Eulipotyphla,#00FFFF,Soricidae,DIGIMORPH,University of Arizona,uncatalogued,Extant,Recent,Mixed_terrestrial,Forest to grassland,,Terrestrial,Terrestrial,Invertivore,Insectivore,Invertivore,,Solitary,Nocturnal,Altricial,
278,Spalax_leucodon,Nannospalax_leucodon,Spalax_leucodon,Nannospalax_leucodon,Euarchontaglires,Rodentia,#A1D99B,Spalacidae,P-H Fabre CT-scans,NHM,1903.1.29.1.,Extant,Recent,Mixed_terrestrial,Grassland to forest,,Fossorial,Fossorial,Herbivore,Herbivore,Herbivore,Roots and seeds,Solitary,Diurnal,Altricial,
279,Sphiggurus_villosus,Coendou_spinosus,Coendou_spinosus,Sphiggurus_villosus,Euarchontaglires,Rodentia,#A1D99B,Erethizontidae,P-H Fabre CT-scans,NHM,85.6.26.27,Extant,Recent,Closed,Forest,,Arboreal,Arboreal,Herbivore,Herbivore,Herbivore,Frugivore and folivore,Solitary,Nocturnal,Precocial,
280,Stegotherium_tesselatum,Stegotherium_tesselatum,Stegotherium_tesselatum,Stegotherium_tesselatum,Xenarthra,Cingulata,#666666,Stegotheriidae,ERC,YPM,PU15565,Extinct,,,,,Terrestrial,Terrestrial,Omnivore,Omnivore,Omnivore,,,,,
281,Steno_bredanensis,Steno_bredanensis,Steno_bredanensis,Steno_bredanensis,Laurasiatheria,Cetacea,#0000CC,Delphinidae,Churchill et al scans,USNM,572789,Extant,Recent,Aquatic,Marine,,Aquatic,Aquatic,Carnivore,Carnivore,Piscivore,Fish  ,Social,All,Precocial,
282,Stenopsochoerus_sternbergi,Stenopsochoerus_sternbergi,Stenopsochoerus_sternbergi,Stenopsochoerus_sternbergi,Laurasiatheria,Artiodactyla,#6699FF,Oreodontidae,ERC,AMNH,FAM 44980,Extinct,,,,,Terrestrial,Terrestrial,Herbivore,Herbivore,Herbivore,,,,,
283,Stromeriella_franconica,Stromeriella_franconica,Stromeriella_franconica,Stromeriella_franconica,Laurasiatheria,Carnivora,#33CCFF,Procyonidae,ERC,BSP,1937_II_13533,Extinct,,,,,Semi-arboreal,Scansorial,Omnivore,Omnivore,Omnivore,,,,,
284,Sus_scrofa,Sus_scrofa,Sus_scrofa,Sus_scrofa,Laurasiatheria,Artiodactyla,#6699FF,Suidae,ERC,LDUCZ,z.1492,Extant,Recent,Mixed_terrestrial,Forest to grassland,,Terrestrial,Terrestrial,Omnivore,Omnivore,Omnivore,Omnivore,Social,Nocturnal,Precocial,
285,Syndyoceras_cooki,Syndyoceras_cooki,Syndyoceras_cooki,Syndyoceras_cooki,Laurasiatheria,Artiodactyla,#6699FF,Protoceratidae,ERC,AMNH,127463,Extinct,,,,,Terrestrial,Terrestrial,Herbivore,Herbivore,Herbivore,,,,,
286,Tachyoryctes_splendens,Tachyoryctes_splendens,Tachyoryctes_splendens,Tachyoryctes_splendens,Euarchontaglires,Rodentia,#A1D99B,Spalacidae,P-H Fabre CT-scans,NHM,78.3064.,Extant,Recent,Mixed_terrestrial,Grassland to forest,,Fossorial,Fossorial,Herbivore,Herbivore,Herbivore,Roots and grass,Solitary,Diurnal,Altricial,
287,Tadarida_brasiliensis,Tadarida_brasiliensis,Tadarida_brasiliensis,Tadarida_brasiliensis,Laurasiatheria,Chiroptera,#FF00FF,Molossidae,Curtis & Simmons scans,AMNH,89951,Extant,Recent,Closed,Forest,Shrubland + desert,Volant,Volant,Invertivore,Invertivore,Invertivore,,Social,Nocturnal,Altricial,
288,Talpa_occidentalis,Talpa_occidentalis,Talpa_occidentalis,Talpa_occidentalis,Laurasiatheria,Eulipotyphla,#00FFFF,Talpidae,ERC,A. Goswami pers. coll.,"uncatalogued, A. Goswami pers. coll.",Extant,Recent,Mixed_terrestrial,Forest to grassland,,Fossorial,Fossorial,Invertivore,Invertivore,Invertivore,Vermivore,Solitary,Nocturnal,Altricial,
289,Tamandua_sp,Tamandua_tetradactyla,Tamandua_tetradactyla,Tamandua_sp,Xenarthra,Pilosa,#999999,Myrmecophagidae,ERC,NHM,1.8.3.5.,Extant,Recent,Mixed_terrestrial,Forest to grassland,,Arboreal,Arboreal,Invertivore,Insectivore,Social insectivore,Social insectivore,Solitary,Nocturnal,Precocial,
290,Tamias_striatus,Tamias_striatus,Tamias_striatus,Tamias_striatus,Euarchontaglires,Rodentia,#A1D99B,Sciuridae,Fox UMN CT-scan,UMN,6495,Extant,Recent,Closed,Forest,,Semi-fossorial,Semi-fossorial and semi-arboreal,Herbivore,Herbivore,Herbivore,Granivore,Solitary,Diurnal,Altricial,
291,Tamiasciurus_douglasii,Tamiasciurus_douglasii,Tamiasciurus_douglasii,Tamiasciurus_douglasii,Euarchontaglires,Rodentia,#A1D99B,Sciuridae,Fox UMN CT-scan,UMN,12575,Extant,Recent,Closed,Forest,,Arboreal,Arboreal,Herbivore,Herbivore,Herbivore,Granivore,Solitary,Diurnal,Altricial,
292,Tapirus_terrestris,Tapirus_terrestris,Tapirus_terrestris,Tapirus_terrestris,Laurasiatheria,Perissodactyla,#669999,Tapiridae,ERC,NHM,1847.4.6.1,Extant,Recent,Closed,Forest,,Semi-aquatic,Semi-aquatic,Herbivore,Herbivore,Herbivore,Browser,Solitary,Nocturnal,Precocial,
293,Tarsius_tarsier,Tarsius_sp,Tarsius_tarsier,Tarsius_tarsier,Euarchontaglires,Primates,#006D2C,Tarsiidae,Morphosource,,166477,Extant,Recent,Closed,Forest,,Arboreal,Arboreal,Carnivore,Carnivore,Invertivore,Invertivore,Social,Nocturnal,Altricial,
294,Taxidea_taxus,Taxidea_taxus,Taxidea_taxus,Taxidea_taxus,Laurasiatheria,Carnivora,#33CCFF,Mustelidae,A-C Fabre scans,NMB,9186,Extant,Recent,Closed,Forest,,Semi-fossorial,Semi-fossorial,Carnivore,Carnivore,Carnivore,Carnivore,Solitary,Nocturnal,Altricial,
295,Tayassu_pecari,Tayassu_pecari,Tayassu_pecari,Tayassu_pecari,Laurasiatheria,Artiodactyla,#6699FF,Tayassuidae,ERC,NHM,47.4.6.8.,Extant,Recent,Mixed_terrestrial,Forest to grassland,,Terrestrial,Terrestrial,Omnivore,Omnivore,Omnivore,Mainly frugivore,Social,Diurnal,Precocial,
296,Teleoceras_medicornutus,Teleoceras_medicornutus,Teleoceras_medicornutus,Teleoceras_medicornutus,Laurasiatheria,Perissodactyla,#669999,Rhinocerotidae,ERC,AMNH,9832,Extinct,,,,,Terrestrial,Terrestrial,Herbivore,Herbivore,Herbivore,,,,,
297,Tenrec_sp,Tenrec_ecaudatus,Tenrec_ecaudatus,Tenrec_ecaudatus,Afrotheria,Afrosoricida,#FEE8C8,Tenrecidae,ERC,LDUCZ,z612,Extant,Recent,Closed,Forest,Humid forest and  grassland,Semi-fossorial,Semi-fossorial,Omnivore,Omnivore,Omnivore,Mainly invertivore,Solitary,Nocturnal,Altricial,
298,Tetracerus_quadricornis,Tetracerus_quadricornis,Tetracerus_quadricornis,Tetracerus_quadricornis,Laurasiatheria,Artiodactyla,#6699FF,Bovidae,ERC,NHM,43.1.12.86,Extant,Recent,Closed,Forest,Generalist but prefer forest,Terrestrial,Terrestrial,Herbivore,Herbivore,Herbivore,Mixed feeder,Solitary,Diurnal,Precocial,
299,Thalassocnus_sp,Thalassocnus_sp,Thalassocnus_sp,Thalassocnus_sp,Xenarthra,Pilosa,#999999,Nothrotheriidae,ERC,MNHN,SAS-734,Extinct,,,Marine,,Aquatic,Aquatic,Herbivore,Herbivore,Herbivore,,,,,
300,Thoatherium_minusculum,Thoatherium_minisculum,Thoatherium_minisculum,Thoatherium_minusculum,Laurasiatheria,Litopterna,#CCCCFF,Proterotheriidae,ERC,YPM,PU15721,Extinct,,,,,Terrestrial,Terrestrial,Herbivore,Herbivore,Herbivore,,,,,
301,Thomomys_talpoides,Thomomys_talpoides,Thomomys_talpoides,Thomomys_talpoides,Euarchontaglires,Rodentia,#A1D99B,Geomyidae,Fox UMN CT-scan,UMN,6262,Extant,Recent,Open,Grassland,,Fossorial,Fossorial,Herbivore,Herbivore,Herbivore,Generalist,Solitary,Nocturnal,Altricial,
302,Thryonomys_swinderianus,Thryonomys_swinderianus,Thryonomys_swinderianus,Thryonomys_swinderianus,Euarchontaglires,Rodentia,#A1D99B,Thryonomyidae,P-H Fabre CT-scans,NHM,26.11.24.63.,Extant,Recent,Closed,Forest,Marshes,Terrestrial,Terrestrial,Herbivore,Herbivore,Herbivore,Grazer,Social,Nocturnal,Precocial,
303,Thyroptera_tricolor,Thyroptera_tricolor,Thyroptera_tricolor,Thyroptera_tricolor,Laurasiatheria,Chiroptera,#FF00FF,Thyropteridae,Curtis & Simmons scans,AMNH,246233,Extant,Recent,Closed,Forest,,Volant,Volant,Invertivore,Invertivore,Invertivore,,Social,Nocturnal,Altricial,
304,Tolypeutes_tricinctus,Tolypeutes_tricinctus,Tolypeutes_tricinctus,Tolypeutes_tricinctus,Xenarthra,Cingulata,#666666,Dasypodidae,ERC,NHM,73.1394.,Extant,Recent,Open,Grassland,,Semi-fossorial,Semi-fossorial,Invertivore,Invertivore,Social insectivore,Social insectivore,Solitary,Nocturnal,Precocial,
305,Tomopeas_ravus,Tomopeas_ravus,Tomopeas_ravus,Tomopeas_ravus,Laurasiatheria,Chiroptera,#FF00FF,Molossidae,Curtis & Simmons scans,AMNH,278525,Extant,Recent,Desert,Desert,,Volant,Volant,Invertivore,Invertivore,Invertivore,,Solitary,Nocturnal,Altricial,
306,Tragelaphus_scriptus,Tragelaphus_scriptus,Tragelaphus_scriptus,Tragelaphus_scriptus,Laurasiatheria,Artiodactyla,#6699FF,Bovidae,ERC,NHM,8.1.1.128,Extant,Recent,Open,Grassland to open forest,,Terrestrial,Terrestrial,Herbivore,Herbivore,Herbivore,Browser,Social,Nocturnal,Precocial,
307,Tragulus_kanchil,Tragulus_javanica,Tragulus_javanicus,Tragulus_javanicus,Laurasiatheria,Artiodactyla,#6699FF,Tragulidae,ERC,NHM,9.1.5.850.,Extant,Recent,Closed,Forest,,Terrestrial,Terrestrial,Herbivore,Herbivore,Herbivore,Mixed feeder,Solitary,Nocturnal,Precocial,
308,Trichechus_senegalensis,Trichechus_senegalensis,Trichechus_senegalensis,Trichechus_senegalensis,Afrotheria,Sirenia,#B30000,Trichechidae,DIGIMORPH,AMNH,53939,Extant,Recent,Aquatic,Freshwater,,Aquatic,Aquatic,Herbivore,Herbivore,Herbivore,,Social,Nocturnal,Precocial,
309,Trogosus_granderi,Trogosus_grangeri,Trogosus_grangeri,Trogosus_granderi,Stem,Cimolesta,#993300,Esthonychidae,ERC,AMNH,17008,Extinct,,,,,Terrestrial,Terrestrial,Herbivore,Herbivore,Herbivore,,,,,
310,Tupaia_sp,Tupaia_glis,Tupaia_glis,Tupaia_sp,Euarchontaglires,Scandentia,#31A354,Tupaiidae,ERC,LDUCZ,z.2511,Extant,Recent,Closed,Forest,,Arboreal,Arboreal,Omnivore,Omnivore,Omnivore,herbirvore and insects,Social,Diurnal,Altricial,
311,Tursiops_truncatus,Tursiops_truncatus,Tursiops_truncatus,Tursiops_truncatus,Laurasiatheria,Cetacea,#0000CC,Delphinidae,DIGIMORPH,SDSNH,21212,Extant,Recent,Aquatic,Marine,,Aquatic,Aquatic,Carnivore,Carnivore,Piscivore,Fish  ,Social,All,Precocial,
312,Tylomys_nudicaudatus,Tylomys_nudicaudus,Tylomys_nudicaudus,Tylomys_nudicaudus,Euarchontaglires,Rodentia,#A1D99B,Cricetidae,Fox UMN CT-scan,UMN,14785,Extant,Recent,Closed,Forest,,Semi-arboreal,Semi-arboreal,Herbivore,Herbivore,Herbivore,Mixed,Solitary,Nocturnal,Precocial,
313,Tympanoctomys_barrerae,Tympanoctomys_barrerae,Tympanoctomys_barrerae,Tympanoctomys_barrerae,Euarchontaglires,Rodentia,#A1D99B,Octodontidae,P-H Fabre CT-scans,,,Extant,Recent,Desert,Desert,,Fossorial,Fossorial,Herbivore,Herbivore,Herbivore,Folivore,Solitary,Nocturnal,Precocial,
314,Uintatherium_anceps,Uintatherium_anceps,Uintatherium_anceps,Uintatherium_anceps,Laurasiatheria,Amblypoda,#33FFFF,Uintatheriidae,ERC,FMNH,PM60171,Extinct,Eocene,,,,Terrestrial,Terrestrial,Herbivore,Herbivore,Herbivore,Browser,,,,
315,Urocitellus_tridecemlineatus,Spermophilus_tridecemlineatus,Ictidomys_tridecemlineatus,Ictidomys_tridecemlineatus,Euarchontaglires,Rodentia,#A1D99B,Sciuridae,Fox UMN CT-scan,UMN,2044,Extant,Recent,Open,Grassland,,Semi-fossorial,Semi-fossorial,Herbivore,Herbivore,Herbivore,Granivore,Social,Diurnal,Altricial,
316,Vampyrum_spectrum,Vampyrum_spectrum,Vampyrum_spectrum,Vampyrum_spectrum,Laurasiatheria,Chiroptera,#FF00FF,Phyllostomidae,Curtis & Simmons scans,AMNH,202292,Extant,Recent,Closed,Forest,,Volant,Volant,Carnivore,Carnivore,Carnivore,Invertevore,Social,Nocturnal,Altricial,
317,Viverra_tangalunga,Viverra_tangalunga,Viverra_tangalunga,Viverra_tangalunga,Laurasiatheria,Carnivora,#33CCFF,Viverridae,ERC,NHM,73.a,Extant,Recent,Closed,Forest,,Terrestrial,Terrestrial,Omnivore,Omnivore,Omnivore,Carnivore,Solitary,Nocturnal,Altricial,
318,Vulpes_pallida,Vulpes_pallida,Vulpes_pallida,Vulpes_pallida,Laurasiatheria,Carnivora,#33CCFF,Canidae,A-C Fabre scans,MNHN-ZO-AC,1958-166,Extant,Recent,Desert,Desert,,Terrestrial,Terrestrial,Omnivore,Omnivore,Omnivore,Carnivore,Social,Nocturnal,Altricial,
319,Xiphiacetus_bossi,Xiphiacetus_bossi,Xiphiacetus_bossi,Xiphiacetus_bossi,Laurasiatheria,Cetacea,#0000CC,Eurhinodelphidae,Coombs scan,USNM,8842,Extinct,Miocene,Aquatic,Marine,,Aquatic,Aquatic,Carnivore,Carnivore,Carnivore,,,,,
320,Zalophus_californianus,Zalophus_californianus,Zalophus_californianus,Zalophus_californianus,Laurasiatheria,Carnivora,#33CCFF,Otariidae,ERC,NHM,1903.10.11.4.,Extant,Recent,Aquatic,Marine,,Aquatic,Aquatic,Carnivore,Carnivore,Piscivore,Piscivore,Social,Nocturnal,Altricial,
321,Zapus_hudsonius,Zapus_hudsonius,Zapus_hudsonius,Zapus_hudsonius,Euarchontaglires,Rodentia,#A1D99B,Dipodidae,Fox UMN CT-scan,UMN,9981,Extant,Recent,Open,Grassland,,Terrestrial,Terrestrial,Herbivore,Herbivore,Herbivore,Granivore,Solitary,Nocturnal,Altricial,
322,Zodiolestes_daimonelixensis,Zodiolestes_sp,Zodiolestes_sp,Zodiolestes_daimonelixensis,Laurasiatheria,Carnivora,#33CCFF,Mustelidae,ERC,FMNH,P12032,Extinct,,,,,Semi-arboreal,Scansorial,Omnivore,Omnivore,Omnivore,,,,,